student_id,event_date,activity_type,participation_score,notes
S1000,2025-05-05,club,1,note
S1001,2025-09-02,club,4,note
S1002,2025-03-04,club,5,note
S1003,2024-10-27,club,1,note
S1004,2024-12-22,club,1,note
S1007,2025-04-03,club,1,note
S1007,2024-08-15,club,5,note
S1008,2025-08-13,club,5,note
S1008,2024-09-30,club,2,note
S1009,2025-02-24,club,4,note
S1009,2024-08-17,club,2,note
S1010,2024-12-07,club,2,note
S1010,2024-11-30,club,5,note
S1011,2025-01-01,club,4,note
S1012,2025-06-11,club,4,note
S1012,2024-09-30,club,5,note
S1012,2025-02-26,club,1,note
S1013,2024-10-03,club,1,note
S1013,2025-08-08,club,3,note
S1014,2024-09-13,club,1,note
S1015,2024-09-26,club,1,note
S1016,2024-10-18,club,1,note
S1016,2025-03-07,club,4,note
S1016,2025-05-16,club,4,note
S1017,2025-08-25,club,2,note
S1018,2025-06-16,club,3,note
S1021,2025-01-05,club,5,note
S1022,2024-10-22,club,1,note
S1023,2024-12-04,club,1,note
S1023,2025-08-07,club,1,note
S1023,2025-08-07,club,2,note
S1026,2025-07-18,club,4,note
S1026,2024-08-27,club,2,note
S1028,2025-02-20,club,3,note
S1029,2025-03-23,club,4,note
S1029,2024-09-08,club,2,note
S1030,2024-11-09,club,5,note
S1030,2024-10-08,club,3,note
S1033,2024-11-11,club,1,note
S1034,2024-08-20,club,1,note
S1034,2024-09-09,club,3,note
S1035,2024-11-25,club,5,note
S1037,2025-05-17,club,5,note
S1037,2025-04-07,club,1,note
S1037,2025-08-09,club,2,note
S1039,2025-08-27,club,5,note
S1040,2025-07-23,club,3,note
S1040,2025-03-24,club,5,note
S1041,2024-12-09,club,2,note
S1041,2024-11-25,club,4,note
S1042,2025-02-09,club,2,note
S1042,2025-06-15,club,5,note
S1042,2025-03-30,club,1,note
S1043,2025-05-14,club,4,note
S1043,2024-08-11,club,1,note
S1044,2024-10-20,club,1,note
S1045,2025-01-12,club,2,note
S1046,2025-07-10,club,5,note
S1047,2025-01-27,club,1,note
S1049,2024-12-27,club,1,note
S1050,2025-02-21,club,1,note
S1050,2024-10-11,club,2,note
S1052,2025-09-01,club,4,note
S1052,2024-12-07,club,1,note
S1053,2025-06-29,club,4,note
S1053,2024-09-06,club,2,note
S1053,2025-05-29,club,5,note
S1054,2024-10-10,club,2,note
S1054,2025-07-24,club,5,note
S1055,2024-11-30,club,3,note
S1055,2025-01-10,club,5,note
S1057,2024-08-30,club,1,note
S1057,2024-10-09,club,2,note
S1058,2025-07-18,club,4,note
S1058,2025-02-08,club,1,note
S1059,2024-12-29,club,5,note
S1062,2024-10-11,club,4,note
S1063,2024-09-27,club,4,note
S1063,2025-08-17,club,1,note
S1063,2025-06-30,club,2,note
S1065,2024-08-30,club,5,note
S1067,2025-05-05,club,1,note
S1068,2024-12-12,club,3,note
S1069,2024-12-14,club,1,note
S1069,2024-12-02,club,1,note
S1070,2024-09-07,club,2,note
S1070,2025-03-07,club,1,note
S1070,2025-04-25,club,3,note
S1071,2025-05-26,club,2,note
S1073,2025-03-26,club,3,note
S1074,2024-08-30,club,1,note
S1076,2025-01-31,club,3,note
S1081,2025-04-15,club,3,note
S1083,2025-01-29,club,5,note
S1084,2025-05-11,club,3,note
S1085,2025-05-18,club,2,note
S1085,2025-07-21,club,3,note
S1086,2024-08-11,club,4,note
S1086,2024-09-11,club,4,note
S1086,2025-09-06,club,4,note
S1086,2024-11-17,club,4,note
S1090,2024-08-22,club,1,note
S1090,2025-03-20,club,1,note
S1093,2025-04-19,club,1,note
S1094,2025-03-06,club,4,note
S1094,2025-03-19,club,3,note
S1097,2025-04-15,club,4,note
S1098,2024-12-02,club,1,note
S1099,2024-10-22,club,3,note
S1101,2025-06-21,club,4,note
S1103,2024-11-27,club,2,note
S1104,2024-11-16,club,4,note
S1105,2024-10-25,club,1,note
S1105,2025-06-30,club,2,note
S1107,2024-09-04,club,4,note
S1108,2025-03-27,club,1,note
S1109,2024-09-17,club,3,note
S1109,2025-01-17,club,1,note
S1113,2025-07-11,club,4,note
S1114,2025-07-24,club,5,note
S1115,2025-06-04,club,3,note
S1116,2024-12-29,club,3,note
S1117,2024-10-17,club,2,note
S1117,2024-11-14,club,3,note
S1119,2025-08-28,club,4,note
S1119,2025-06-26,club,5,note
S1121,2024-11-11,club,3,note
S1122,2024-12-29,club,3,note
S1122,2024-10-08,club,2,note
S1123,2025-03-06,club,1,note
S1126,2025-04-25,club,2,note
S1126,2025-09-01,club,3,note
S1127,2024-12-30,club,5,note
S1127,2025-09-05,club,4,note
S1128,2025-05-24,club,4,note
S1129,2025-02-21,club,4,note
S1132,2025-06-13,club,4,note
S1136,2025-07-15,club,1,note
S1137,2024-12-10,club,5,note
S1138,2025-07-29,club,5,note
S1138,2025-01-26,club,2,note
S1139,2025-06-30,club,1,note
S1141,2024-10-08,club,5,note
S1143,2025-01-26,club,4,note
S1143,2025-08-03,club,3,note
S1144,2024-09-23,club,1,note
S1145,2025-03-25,club,4,note
S1145,2024-09-08,club,1,note
S1147,2024-12-25,club,3,note
S1148,2025-06-03,club,1,note
S1149,2025-09-10,club,5,note
S1149,2025-05-14,club,4,note
S1149,2025-01-24,club,5,note
S1150,2024-11-11,club,2,note
S1150,2025-01-13,club,3,note
S1151,2024-10-30,club,5,note
S1151,2024-10-09,club,5,note
S1151,2025-03-13,club,4,note
S1151,2024-09-05,club,1,note
S1153,2025-03-22,club,4,note
S1158,2024-08-27,club,3,note
S1160,2025-06-26,club,3,note
S1161,2025-08-02,club,4,note
S1161,2025-06-26,club,5,note
S1162,2024-08-29,club,2,note
S1166,2025-09-04,club,2,note
S1166,2025-03-03,club,5,note
S1166,2025-05-09,club,4,note
S1166,2025-02-20,club,4,note
S1166,2024-11-08,club,3,note
S1167,2025-03-27,club,3,note
S1167,2024-12-27,club,2,note
S1168,2025-08-30,club,1,note
S1169,2024-10-03,club,3,note
S1170,2024-08-29,club,2,note
S1170,2025-05-20,club,5,note
S1170,2024-08-24,club,3,note
S1171,2024-12-29,club,5,note
S1173,2025-03-28,club,3,note
S1173,2024-09-16,club,4,note
S1174,2025-05-30,club,5,note
S1175,2025-03-09,club,5,note
S1175,2024-09-28,club,2,note
S1177,2025-02-06,club,5,note
S1180,2025-06-15,club,1,note
S1180,2025-08-19,club,2,note
S1183,2025-05-08,club,4,note
S1183,2025-05-17,club,2,note
S1183,2024-11-24,club,3,note
S1184,2025-06-22,club,4,note
S1185,2024-08-30,club,3,note
S1186,2025-07-09,club,4,note
S1186,2025-04-16,club,4,note
S1187,2025-07-25,club,3,note
S1188,2024-09-09,club,1,note
S1188,2025-05-13,club,1,note
S1189,2025-04-28,club,2,note
S1189,2024-11-30,club,4,note
S1190,2025-06-26,club,3,note
S1190,2025-02-16,club,1,note
S1191,2025-05-04,club,5,note
S1193,2024-10-12,club,3,note
S1194,2024-11-15,club,4,note
S1195,2025-05-15,club,4,note
S1196,2025-03-30,club,2,note
S1196,2025-08-27,club,5,note
S1198,2025-07-07,club,5,note
S1198,2025-05-21,club,3,note
S1199,2024-08-28,club,4,note
S1199,2024-08-13,club,3,note
S1200,2025-05-26,club,5,note
S1200,2025-05-14,club,3,note
S1203,2025-03-08,club,4,note
S1204,2025-03-12,club,1,note
S1205,2024-12-04,club,3,note
S1206,2024-11-13,club,4,note
S1207,2024-12-30,club,4,note
S1207,2025-01-31,club,5,note
S1213,2024-08-25,club,5,note
S1215,2025-02-28,club,5,note
S1216,2025-01-12,club,3,note
S1216,2025-03-29,club,3,note
S1216,2025-06-04,club,2,note
S1220,2024-10-16,club,2,note
S1221,2025-05-13,club,5,note
S1222,2024-08-24,club,5,note
S1223,2025-08-12,club,3,note
S1225,2025-06-19,club,2,note
S1225,2025-02-10,club,2,note
S1225,2024-10-11,club,2,note
S1227,2024-08-15,club,5,note
S1227,2025-06-12,club,1,note
S1227,2025-02-15,club,1,note
S1228,2025-04-08,club,4,note
S1228,2024-12-27,club,5,note
S1229,2025-07-08,club,3,note
S1230,2024-09-03,club,5,note
S1232,2025-04-13,club,1,note
S1232,2024-11-14,club,3,note
S1234,2024-10-19,club,5,note
S1235,2025-01-03,club,3,note
S1236,2024-08-28,club,5,note
S1236,2025-05-14,club,3,note
S1237,2025-04-22,club,3,note
S1238,2025-05-30,club,3,note
S1239,2025-04-18,club,5,note
S1239,2024-08-10,club,4,note
S1241,2024-09-06,club,4,note
S1241,2025-09-02,club,4,note
S1243,2025-01-07,club,4,note
S1244,2024-09-13,club,5,note
S1245,2024-12-23,club,3,note
S1245,2025-02-12,club,2,note
S1247,2024-11-17,club,5,note
S1249,2025-01-17,club,2,note
S1249,2025-01-20,club,3,note
S1249,2024-11-13,club,5,note
S1251,2025-06-16,club,1,note
S1251,2025-07-04,club,2,note
S1251,2024-12-31,club,5,note
S1252,2025-04-28,club,4,note
S1253,2025-05-09,club,5,note
S1253,2024-11-26,club,3,note
S1255,2024-12-27,club,4,note
S1255,2025-05-24,club,3,note
S1255,2024-10-11,club,5,note
S1255,2025-01-24,club,1,note
S1256,2024-10-14,club,2,note
S1257,2025-06-06,club,1,note
S1259,2025-06-06,club,2,note
S1260,2025-08-09,club,2,note
S1262,2024-12-08,club,2,note
S1262,2025-04-11,club,2,note
S1265,2025-02-22,club,4,note
S1265,2025-04-28,club,1,note
S1265,2024-12-15,club,3,note
S1265,2025-06-18,club,3,note
S1266,2025-04-23,club,1,note
S1268,2025-06-11,club,1,note
S1270,2025-06-12,club,4,note
S1270,2025-07-25,club,4,note
S1273,2025-03-10,club,5,note
S1274,2024-11-30,club,3,note
S1276,2025-03-24,club,2,note
S1276,2024-10-07,club,5,note
S1277,2025-07-26,club,3,note
S1278,2024-11-24,club,2,note
S1280,2025-03-09,club,4,note
S1281,2024-10-10,club,1,note
S1282,2024-12-29,club,4,note
S1282,2025-06-25,club,5,note
S1283,2025-08-09,club,1,note
S1291,2025-02-02,club,5,note
S1292,2025-06-03,club,5,note
S1292,2025-05-30,club,1,note
S1293,2025-07-05,club,2,note
S1293,2025-07-31,club,4,note
S1298,2025-03-18,club,3,note
S1298,2025-07-07,club,3,note
S1298,2025-04-26,club,4,note
S1300,2025-06-07,club,2,note
S1301,2025-01-14,club,1,note
S1301,2025-09-10,club,5,note
S1302,2024-11-07,club,2,note
S1302,2024-08-16,club,1,note
S1304,2025-04-09,club,3,note
S1305,2024-08-09,club,4,note
S1306,2024-09-17,club,2,note
S1308,2025-03-17,club,3,note
S1308,2025-01-08,club,4,note
S1310,2025-09-07,club,3,note
S1310,2025-08-07,club,3,note
S1311,2024-12-09,club,5,note
S1312,2024-11-30,club,2,note
S1314,2025-06-16,club,4,note
S1314,2024-11-26,club,4,note
S1316,2025-05-09,club,3,note
S1316,2025-03-30,club,2,note
S1317,2025-03-10,club,1,note
S1318,2025-06-02,club,2,note
S1319,2025-09-02,club,2,note
S1321,2024-09-05,club,2,note
S1321,2025-02-11,club,3,note
S1322,2024-11-04,club,4,note
S1324,2025-03-14,club,4,note
S1326,2024-08-30,club,4,note
S1328,2025-06-02,club,3,note
S1328,2024-08-25,club,2,note
S1329,2025-06-24,club,5,note
S1331,2025-01-26,club,4,note
S1331,2024-09-26,club,1,note
S1334,2024-10-15,club,5,note
S1338,2025-07-05,club,1,note
S1340,2024-10-18,club,1,note
S1341,2024-11-30,club,1,note
S1343,2025-05-25,club,3,note
S1343,2024-08-10,club,1,note
S1345,2024-12-21,club,1,note
S1347,2025-01-25,club,5,note
S1351,2024-09-10,club,2,note
S1351,2025-02-17,club,4,note
S1351,2025-04-12,club,4,note
S1351,2024-09-22,club,5,note
S1352,2025-04-18,club,1,note
S1353,2025-03-31,club,4,note
S1354,2025-02-09,club,3,note
S1355,2024-12-20,club,4,note
S1356,2025-07-02,club,1,note
S1356,2024-08-11,club,1,note
S1357,2025-08-14,club,5,note
S1357,2025-03-27,club,5,note
S1358,2025-06-04,club,5,note
S1359,2025-04-18,club,1,note
S1360,2024-12-12,club,5,note
S1363,2025-06-19,club,3,note
S1364,2024-12-18,club,1,note
S1364,2025-02-04,club,2,note
S1366,2024-12-01,club,4,note
S1366,2025-03-16,club,4,note
S1366,2024-10-05,club,5,note
S1367,2025-08-09,club,3,note
S1368,2025-01-12,club,5,note
S1369,2025-07-21,club,1,note
S1369,2025-01-25,club,3,note
S1371,2025-01-14,club,2,note
S1372,2025-01-30,club,3,note
S1377,2025-02-22,club,1,note
S1379,2024-09-24,club,2,note
S1379,2025-04-14,club,1,note
S1379,2025-02-01,club,3,note
S1379,2025-08-25,club,3,note
S1380,2025-04-04,club,3,note
S1381,2024-09-02,club,2,note
S1382,2025-08-25,club,2,note
S1383,2025-03-19,club,4,note
S1385,2024-12-19,club,3,note
S1387,2025-08-29,club,3,note
S1387,2025-07-29,club,2,note
S1388,2024-11-23,club,3,note
S1388,2025-07-27,club,5,note
S1389,2024-10-15,club,3,note
S1390,2025-06-22,club,3,note
S1391,2025-06-28,club,3,note
S1392,2024-10-11,club,4,note
S1393,2024-10-13,club,1,note
S1394,2025-07-06,club,4,note
S1394,2024-09-18,club,1,note
S1395,2025-06-06,club,2,note
S1395,2025-07-02,club,3,note
S1396,2024-12-24,club,3,note
S1400,2025-06-06,club,1,note
S1400,2024-09-16,club,4,note
S1400,2025-07-03,club,2,note
S1400,2024-11-07,club,4,note
S1403,2024-08-28,club,5,note
S1403,2024-12-03,club,3,note
S1404,2024-12-07,club,2,note
S1404,2024-11-06,club,4,note
S1404,2025-08-13,club,3,note
S1406,2024-08-20,club,5,note
S1406,2025-02-21,club,1,note
S1408,2025-02-13,club,4,note
S1408,2024-09-01,club,2,note
S1408,2025-06-09,club,4,note
S1409,2024-09-25,club,4,note
S1411,2024-11-12,club,2,note
S1412,2024-12-23,club,3,note
S1414,2024-11-19,club,1,note
S1416,2025-03-25,club,2,note
S1418,2025-07-12,club,4,note
S1418,2025-07-24,club,5,note
S1418,2025-02-05,club,4,note
S1419,2025-02-05,club,4,note
S1419,2025-03-07,club,2,note
S1422,2024-09-12,club,3,note
S1423,2025-08-05,club,2,note
S1424,2025-08-16,club,4,note
S1428,2024-10-07,club,5,note
S1428,2024-09-03,club,3,note
S1428,2024-10-20,club,2,note
S1429,2024-09-29,club,3,note
S1429,2024-09-10,club,5,note
S1430,2024-09-08,club,5,note
S1430,2025-07-14,club,2,note
S1430,2025-01-25,club,4,note
S1433,2024-10-29,club,2,note
S1433,2025-06-25,club,5,note
S1433,2025-01-30,club,5,note
S1434,2025-08-04,club,3,note
S1436,2025-08-20,club,2,note
S1439,2025-08-21,club,5,note
S1439,2025-05-01,club,1,note
S1441,2024-11-20,club,3,note
S1441,2024-12-03,club,4,note
S1442,2025-08-24,club,1,note
S1442,2025-07-07,club,5,note
S1444,2025-08-12,club,1,note
S1446,2025-03-22,club,2,note
S1450,2025-08-25,club,5,note
S1450,2025-01-04,club,4,note
S1450,2025-03-28,club,5,note
S1450,2024-11-10,club,1,note
S1455,2024-11-03,club,3,note
S1456,2025-06-19,club,2,note
S1457,2024-10-15,club,5,note
S1457,2025-04-26,club,4,note
S1459,2024-10-15,club,4,note
S1462,2025-01-30,club,5,note
S1464,2025-03-17,club,1,note
S1465,2025-04-25,club,5,note
S1468,2024-08-29,club,2,note
S1469,2025-06-07,club,2,note
S1470,2025-04-14,club,3,note
S1470,2025-02-16,club,4,note
S1470,2024-11-07,club,1,note
S1471,2025-07-24,club,2,note
S1471,2025-02-19,club,1,note
S1473,2025-04-30,club,3,note
S1474,2025-09-03,club,3,note
S1475,2024-11-17,club,4,note
S1476,2025-06-13,club,2,note
S1477,2025-08-15,club,4,note
S1478,2025-07-25,club,3,note
S1480,2024-12-04,club,4,note
S1482,2025-02-23,club,4,note
S1483,2025-04-19,club,5,note
S1483,2025-02-25,club,5,note
S1484,2024-11-26,club,1,note
S1486,2025-03-05,club,1,note
S1488,2025-05-10,club,2,note
S1491,2025-01-24,club,1,note
S1492,2025-08-21,club,5,note
S1494,2025-05-28,club,1,note
S1494,2025-08-25,club,1,note
S1495,2024-10-16,club,2,note
S1497,2025-01-06,club,1,note
S1501,2025-01-13,club,1,note
S1501,2024-10-21,club,3,note
S1502,2025-02-15,club,5,note
S1506,2024-12-23,club,2,note
S1507,2025-01-01,club,5,note
S1507,2025-05-25,club,3,note
S1508,2025-01-05,club,5,note
S1508,2024-10-26,club,1,note
S1508,2024-08-22,club,4,note
S1509,2024-08-23,club,1,note
S1509,2025-04-26,club,2,note
S1509,2025-06-30,club,3,note
S1510,2024-09-11,club,4,note
S1511,2025-05-03,club,1,note
S1512,2024-12-06,club,2,note
S1518,2024-09-26,club,1,note
S1520,2025-03-10,club,4,note
S1520,2024-09-15,club,1,note
S1520,2025-02-01,club,3,note
S1521,2025-02-12,club,1,note
S1522,2025-03-30,club,4,note
S1522,2025-08-16,club,4,note
S1523,2024-12-18,club,4,note
S1525,2024-09-07,club,1,note
S1528,2025-05-21,club,2,note
S1528,2025-06-06,club,4,note
S1528,2024-11-30,club,2,note
S1529,2025-01-24,club,5,note
S1530,2024-11-09,club,4,note
S1530,2025-05-29,club,1,note
S1530,2025-05-01,club,2,note
S1531,2025-07-27,club,4,note
S1531,2025-02-02,club,5,note
S1531,2024-08-30,club,5,note
S1532,2024-10-19,club,2,note
S1533,2024-11-22,club,4,note
S1534,2025-03-22,club,3,note
S1535,2025-08-21,club,1,note
S1537,2025-03-24,club,5,note
S1540,2024-10-27,club,3,note
S1541,2024-09-27,club,3,note
S1542,2025-07-23,club,4,note
S1543,2025-08-24,club,3,note
S1543,2025-06-24,club,2,note
S1543,2025-06-13,club,1,note
S1545,2024-08-22,club,5,note
S1546,2024-11-17,club,5,note
S1546,2025-05-20,club,3,note
S1547,2025-02-08,club,1,note
S1548,2025-01-06,club,5,note
S1548,2024-08-24,club,5,note
S1549,2025-03-27,club,1,note
S1550,2025-02-04,club,5,note
S1550,2025-09-07,club,1,note
S1551,2024-09-25,club,3,note
S1551,2024-09-05,club,2,note
S1552,2025-04-20,club,5,note
S1552,2025-06-03,club,2,note
S1553,2025-01-20,club,3,note
S1554,2024-12-23,club,4,note
S1554,2025-03-03,club,5,note
S1556,2025-05-11,club,3,note
S1556,2025-02-07,club,3,note
S1557,2025-01-29,club,1,note
S1557,2025-08-07,club,1,note
S1558,2024-08-31,club,5,note
S1559,2025-01-24,club,2,note
S1559,2025-04-10,club,5,note
S1560,2024-09-06,club,1,note
S1565,2025-05-31,club,2,note
S1567,2024-11-23,club,1,note
S1568,2025-01-30,club,4,note
S1569,2025-04-17,club,3,note
S1570,2025-04-03,club,5,note
S1572,2024-08-22,club,3,note
S1573,2025-06-12,club,3,note
S1577,2024-10-31,club,1,note
S1577,2024-08-23,club,4,note
S1577,2025-01-30,club,5,note
S1578,2025-08-31,club,3,note
S1578,2025-01-21,club,3,note
S1580,2025-07-10,club,5,note
S1580,2024-11-30,club,3,note
S1580,2025-04-07,club,4,note
S1580,2024-08-12,club,3,note
S1581,2025-08-25,club,5,note
S1581,2024-08-20,club,3,note
S1581,2024-11-20,club,5,note
S1581,2025-02-03,club,2,note
S1583,2025-06-24,club,3,note
S1583,2024-09-30,club,2,note
S1583,2024-11-22,club,3,note
S1584,2025-06-08,club,3,note
S1585,2025-01-06,club,5,note
S1588,2024-11-23,club,3,note
S1588,2025-04-13,club,3,note
S1589,2025-08-25,club,3,note
S1589,2024-09-06,club,1,note
S1589,2025-05-03,club,3,note
S1592,2025-02-02,club,4,note
S1593,2025-01-21,club,2,note
S1594,2024-10-24,club,3,note
S1596,2025-09-06,club,5,note
S1601,2024-10-27,club,1,note
S1601,2025-03-11,club,4,note
S1602,2024-08-13,club,4,note
S1603,2024-10-02,club,3,note
S1603,2025-02-19,club,1,note
S1605,2025-06-05,club,5,note
S1605,2025-03-13,club,1,note
S1608,2024-12-11,club,1,note
S1608,2025-08-12,club,5,note
S1609,2025-03-20,club,4,note
S1613,2024-10-29,club,3,note
S1614,2025-05-29,club,4,note
S1615,2024-08-19,club,4,note
S1616,2025-08-08,club,4,note
S1617,2025-06-06,club,1,note
S1617,2024-08-30,club,2,note
S1618,2025-08-11,club,5,note
S1618,2025-07-09,club,1,note
S1619,2024-08-28,club,3,note
S1619,2025-03-02,club,2,note
S1619,2025-01-23,club,4,note
S1621,2025-05-12,club,2,note
S1623,2025-03-31,club,2,note
S1623,2025-08-16,club,2,note
S1627,2025-04-12,club,2,note
S1627,2025-06-24,club,2,note
S1627,2024-10-16,club,5,note
S1628,2024-10-12,club,5,note
S1628,2025-05-02,club,2,note
S1628,2025-08-17,club,3,note
S1628,2024-09-02,club,2,note
S1629,2025-05-22,club,5,note
S1631,2025-08-20,club,2,note
S1633,2025-06-04,club,2,note
S1634,2025-01-16,club,5,note
S1635,2025-08-18,club,4,note
S1635,2025-07-03,club,1,note
S1636,2025-04-16,club,3,note
S1636,2025-02-16,club,1,note
S1636,2025-03-09,club,2,note
S1636,2024-08-22,club,4,note
S1637,2024-10-16,club,3,note
S1638,2025-08-24,club,3,note
S1640,2025-02-24,club,5,note
S1640,2024-11-10,club,1,note
S1640,2025-03-19,club,2,note
S1641,2025-03-11,club,1,note
S1641,2024-12-15,club,2,note
S1642,2025-08-28,club,2,note
S1646,2025-02-09,club,1,note
S1648,2025-07-10,club,2,note
S1651,2025-07-13,club,1,note
S1656,2025-01-22,club,4,note
S1657,2024-08-21,club,5,note
S1659,2025-07-22,club,1,note
S1660,2025-04-03,club,1,note
S1661,2025-06-22,club,5,note
S1662,2025-01-28,club,3,note
S1664,2025-07-03,club,5,note
S1664,2025-01-01,club,2,note
S1668,2025-08-26,club,4,note
S1670,2025-06-05,club,1,note
S1671,2025-01-15,club,4,note
S1672,2025-05-14,club,1,note
S1673,2025-02-06,club,5,note
S1674,2025-04-25,club,3,note
S1676,2025-07-21,club,3,note
S1678,2025-08-21,club,1,note
S1681,2025-01-25,club,2,note
S1683,2024-09-14,club,1,note
S1685,2025-04-19,club,1,note
S1686,2025-02-14,club,1,note
S1688,2024-11-29,club,1,note
S1689,2025-02-08,club,1,note
S1690,2025-05-21,club,3,note
S1692,2025-07-02,club,3,note
S1696,2025-05-03,club,5,note
S1698,2025-04-11,club,1,note
S1699,2024-10-16,club,3,note
S1699,2025-07-31,club,5,note
S1700,2024-12-14,club,1,note
S1700,2025-02-24,club,4,note
S1701,2024-09-18,club,5,note
S1701,2024-11-12,club,2,note
S1702,2024-12-19,club,4,note
S1703,2025-01-25,club,1,note
S1704,2024-11-30,club,5,note
S1706,2024-10-27,club,2,note
S1706,2025-07-08,club,3,note
S1708,2025-05-01,club,3,note
S1708,2025-01-28,club,2,note
S1709,2024-10-02,club,5,note
S1709,2024-11-29,club,3,note
S1709,2025-08-27,club,3,note
S1709,2025-06-12,club,1,note
S1710,2024-08-23,club,3,note
S1711,2025-09-03,club,4,note
S1711,2025-08-22,club,1,note
S1713,2025-06-15,club,2,note
S1715,2025-05-12,club,1,note
S1716,2025-03-27,club,1,note
S1719,2025-01-19,club,5,note
S1720,2025-03-07,club,1,note
S1720,2025-01-20,club,3,note
S1720,2025-03-16,club,4,note
S1722,2025-06-21,club,1,note
S1724,2025-06-04,club,1,note
S1724,2024-11-16,club,4,note
S1725,2025-05-17,club,5,note
S1727,2025-09-04,club,2,note
S1727,2024-09-19,club,4,note
S1727,2024-08-18,club,2,note
S1727,2024-09-04,club,5,note
S1727,2025-01-15,club,4,note
S1727,2025-03-31,club,4,note
S1729,2024-11-18,club,2,note
S1730,2025-03-05,club,5,note
S1734,2024-11-13,club,4,note
S1734,2025-04-04,club,1,note
S1735,2024-11-02,club,3,note
S1738,2024-10-02,club,4,note
S1739,2025-06-16,club,5,note
S1740,2024-09-22,club,5,note
S1740,2024-09-20,club,3,note
S1745,2024-09-02,club,1,note
S1746,2024-10-29,club,3,note
S1750,2024-10-28,club,4,note
S1751,2024-08-17,club,5,note
S1751,2024-12-25,club,2,note
S1753,2024-11-12,club,2,note
S1756,2024-10-23,club,2,note
S1756,2025-08-30,club,2,note
S1759,2025-05-12,club,1,note
S1760,2024-09-14,club,1,note
S1760,2025-03-04,club,3,note
S1762,2024-09-22,club,2,note
S1762,2025-07-11,club,5,note
S1763,2025-03-18,club,5,note
S1763,2025-03-14,club,4,note
S1765,2025-02-01,club,2,note
S1765,2025-02-05,club,5,note
S1766,2024-12-22,club,4,note
S1767,2025-01-27,club,2,note
S1768,2025-01-12,club,5,note
S1768,2025-08-12,club,1,note
S1768,2025-06-06,club,4,note
S1768,2024-09-07,club,2,note
S1770,2024-10-17,club,1,note
S1771,2025-01-13,club,1,note
S1773,2025-03-06,club,5,note
S1777,2024-10-25,club,3,note
S1777,2025-02-26,club,5,note
S1778,2024-10-12,club,2,note
S1778,2025-08-18,club,5,note
S1778,2025-07-01,club,4,note
S1779,2025-01-23,club,1,note
S1779,2024-08-31,club,4,note
S1779,2024-12-04,club,5,note
S1781,2024-09-29,club,3,note
S1782,2025-01-05,club,1,note
S1782,2025-02-06,club,3,note
S1783,2024-09-24,club,4,note
S1783,2024-10-29,club,3,note
S1785,2025-03-30,club,3,note
S1786,2024-08-22,club,1,note
S1788,2024-08-20,club,5,note
S1788,2024-10-15,club,3,note
S1788,2024-10-03,club,5,note
S1789,2025-07-08,club,4,note
S1791,2025-07-13,club,1,note
S1791,2025-01-25,club,4,note
S1791,2024-11-23,club,1,note
S1794,2025-08-06,club,2,note
S1797,2025-05-30,club,1,note
S1799,2024-12-25,club,1,note
S1799,2024-08-22,club,4,note
S1800,2025-01-31,club,5,note
S1801,2025-05-29,club,5,note
S1802,2024-09-24,club,4,note
S1803,2025-07-28,club,1,note
S1803,2024-08-28,club,1,note
S1803,2024-11-07,club,1,note
S1804,2025-08-05,club,5,note
S1807,2025-01-16,club,3,note
S1808,2025-03-06,club,3,note
S1809,2025-06-01,club,3,note
S1809,2025-05-03,club,2,note
S1811,2025-01-12,club,5,note
S1814,2025-08-01,club,3,note
S1815,2024-12-07,club,1,note
S1816,2024-09-14,club,2,note
S1819,2025-06-13,club,1,note
S1820,2025-02-28,club,2,note
S1821,2025-06-18,club,3,note
S1826,2024-10-08,club,2,note
S1826,2025-06-18,club,5,note
S1827,2025-08-08,club,1,note
S1829,2025-03-14,club,2,note
S1829,2024-12-01,club,3,note
S1829,2025-06-22,club,3,note
S1830,2025-06-23,club,3,note
S1831,2025-04-19,club,2,note
S1831,2024-10-11,club,3,note
S1831,2025-09-03,club,4,note
S1832,2025-01-12,club,1,note
S1832,2025-08-07,club,2,note
S1833,2025-06-16,club,4,note
S1834,2025-05-09,club,1,note
S1834,2024-11-04,club,5,note
S1834,2024-11-26,club,5,note
S1835,2025-01-19,club,3,note
S1836,2025-08-22,club,2,note
S1837,2025-08-07,club,1,note
S1837,2025-04-26,club,1,note
S1838,2024-12-28,club,1,note
S1838,2024-12-17,club,3,note
S1840,2025-03-30,club,3,note
S1840,2025-09-10,club,4,note
S1841,2025-05-02,club,1,note
S1842,2025-06-27,club,3,note
S1842,2025-04-16,club,5,note
S1844,2024-09-29,club,4,note
S1845,2024-08-20,club,1,note
S1845,2025-08-01,club,5,note
S1847,2025-08-06,club,2,note
S1847,2025-05-17,club,4,note
S1848,2025-06-04,club,5,note
S1848,2025-03-11,club,3,note
S1850,2025-01-03,club,3,note
S1851,2025-04-07,club,5,note
S1851,2025-06-27,club,2,note
S1852,2025-08-31,club,5,note
S1853,2025-01-12,club,4,note
S1854,2024-10-29,club,4,note
S1855,2025-07-28,club,1,note
S1855,2025-08-28,club,1,note
S1856,2024-12-25,club,2,note
S1856,2025-03-15,club,3,note
S1856,2025-08-02,club,3,note
S1859,2025-05-28,club,3,note
S1859,2025-05-01,club,3,note
S1861,2024-12-22,club,1,note
S1863,2025-01-11,club,5,note
S1863,2025-08-21,club,3,note
S1864,2024-10-28,club,2,note
S1865,2025-03-21,club,4,note
S1867,2025-05-11,club,1,note
S1867,2024-11-14,club,3,note
S1868,2024-12-28,club,5,note
S1869,2025-06-28,club,1,note
S1869,2025-07-05,club,5,note
S1870,2024-09-08,club,1,note
S1870,2024-12-22,club,1,note
S1871,2025-04-28,club,2,note
S1871,2024-10-17,club,4,note
S1871,2025-04-26,club,2,note
S1872,2025-02-19,club,4,note
S1873,2025-09-10,club,1,note
S1873,2024-12-05,club,1,note
S1874,2025-04-21,club,4,note
S1874,2024-08-20,club,1,note
S1874,2025-01-15,club,3,note
S1877,2025-04-01,club,3,note
S1878,2025-08-22,club,4,note
S1880,2024-08-13,club,3,note
S1881,2024-09-15,club,5,note
S1882,2024-09-04,club,4,note
S1882,2025-08-03,club,2,note
S1883,2025-02-23,club,1,note
S1888,2024-11-22,club,4,note
S1890,2025-06-19,club,3,note
S1893,2025-07-17,club,3,note
S1893,2024-11-19,club,2,note
S1894,2025-05-18,club,1,note
S1895,2025-06-21,club,1,note
S1895,2024-11-21,club,1,note
S1897,2024-08-14,club,5,note
S1898,2024-12-23,club,1,note
S1898,2025-01-01,club,3,note
S1899,2025-03-07,club,5,note
S1900,2025-06-28,club,1,note
S1900,2025-08-31,club,4,note
S1902,2025-07-29,club,2,note
S1904,2025-09-06,club,5,note
S1904,2025-03-19,club,3,note
S1904,2025-01-08,club,2,note
S1905,2024-08-19,club,4,note
S1906,2025-02-07,club,2,note
S1908,2025-04-13,club,2,note
S1908,2025-08-14,club,4,note
S1909,2024-12-22,club,4,note
S1910,2024-09-27,club,2,note
S1910,2024-08-15,club,2,note
S1910,2024-08-30,club,1,note
S1912,2025-03-15,club,2,note
S1912,2025-08-29,club,2,note
S1913,2024-11-26,club,4,note
S1913,2024-11-08,club,1,note
S1914,2024-11-19,club,1,note
S1915,2025-07-02,club,2,note
S1917,2024-09-24,club,2,note
S1918,2025-06-13,club,4,note
S1918,2025-05-09,club,4,note
S1919,2024-11-02,club,4,note
S1920,2025-03-16,club,2,note
S1920,2025-08-13,club,1,note
S1921,2024-11-02,club,4,note
S1921,2025-08-14,club,1,note
S1922,2025-02-15,club,1,note
S1923,2025-03-29,club,2,note
S1924,2024-10-15,club,2,note
S1924,2024-08-15,club,5,note
S1926,2024-09-02,club,3,note
S1926,2024-11-25,club,5,note
S1927,2024-12-26,club,3,note
S1927,2025-05-13,club,5,note
S1928,2024-12-24,club,4,note
S1929,2025-07-10,club,5,note
S1930,2024-12-19,club,3,note
S1931,2024-11-27,club,2,note
S1931,2024-11-28,club,2,note
S1932,2024-09-16,club,5,note
S1933,2025-02-15,club,5,note
S1934,2025-03-26,club,4,note
S1934,2024-09-26,club,1,note
S1935,2025-05-07,club,1,note
S1935,2025-02-27,club,1,note
S1935,2025-01-21,club,4,note
S1935,2025-02-03,club,4,note
S1936,2025-07-01,club,1,note
S1937,2024-12-28,club,4,note
S1940,2024-10-21,club,2,note
S1941,2025-01-22,club,1,note
S1942,2025-01-16,club,2,note
S1943,2024-11-10,club,3,note
S1946,2024-10-04,club,2,note
S1947,2025-04-18,club,3,note
S1948,2025-03-21,club,3,note
S1948,2024-11-30,club,4,note
S1950,2025-07-20,club,2,note
S1950,2025-02-28,club,3,note
S1951,2024-12-28,club,4,note
S1951,2025-01-01,club,2,note
S1952,2025-05-26,club,3,note
S1952,2024-11-28,club,1,note
S1952,2024-12-10,club,2,note
S1952,2025-08-04,club,1,note
S1953,2025-03-26,club,4,note
S1954,2025-06-16,club,5,note
S1954,2025-04-08,club,2,note
S1954,2025-04-13,club,1,note
S1954,2025-01-28,club,1,note
S1955,2024-10-27,club,1,note
S1955,2024-12-18,club,4,note
S1955,2025-08-29,club,2,note
S1957,2025-01-10,club,4,note
S1957,2025-01-10,club,3,note
S1957,2025-08-05,club,2,note
S1958,2024-08-11,club,3,note
S1959,2024-10-26,club,3,note
S1959,2025-01-31,club,2,note
S1959,2025-07-31,club,3,note
S1962,2025-05-27,club,3,note
S1964,2024-11-24,club,3,note
S1965,2024-12-11,club,4,note
S1965,2025-02-23,club,4,note
S1967,2025-01-17,club,3,note
S1967,2025-04-20,club,5,note
S1968,2025-09-11,club,4,note
S1970,2024-11-05,club,4,note
S1971,2025-01-03,club,3,note
S1971,2025-08-26,club,3,note
S1973,2024-12-19,club,2,note
S1974,2025-01-04,club,3,note
S1974,2024-08-11,club,2,note
S1975,2024-11-21,club,3,note
S1976,2024-11-25,club,3,note
S1976,2024-10-26,club,1,note
S1977,2024-08-29,club,2,note
S1978,2025-06-18,club,1,note
S1981,2024-12-20,club,4,note
S1981,2025-07-28,club,3,note
S1981,2025-05-09,club,3,note
S1983,2025-05-30,club,1,note
S1983,2024-11-06,club,1,note
S1984,2024-09-15,club,3,note
S1984,2025-08-03,club,1,note
S1985,2025-04-30,club,3,note
S1987,2024-08-31,club,1,note
S1987,2024-09-09,club,3,note
S1989,2025-01-07,club,5,note
S1991,2025-02-19,club,3,note
S1993,2025-04-01,club,4,note
S1993,2025-03-01,club,5,note
S1993,2025-01-03,club,5,note
S1994,2025-03-14,club,3,note
S1994,2025-08-15,club,4,note
S1995,2025-09-11,club,3,note
S1996,2025-02-03,club,5,note
S1997,2024-10-19,club,4,note
S1998,2025-01-24,club,3,note
S1999,2025-05-02,club,3,note
S1999,2025-04-18,club,2,note
S2000,2024-11-24,club,1,note
S2000,2025-07-30,club,1,note
S2001,2025-04-13,club,4,note
S2001,2024-12-13,club,1,note
S2003,2025-06-09,club,5,note
S2003,2025-05-04,club,1,note
S2004,2025-08-02,club,2,note
S2005,2025-04-02,club,2,note
S2005,2025-05-12,club,2,note
S2007,2025-01-29,club,5,note
S2010,2025-03-25,club,4,note
S2010,2025-03-05,club,2,note
S2010,2025-06-07,club,4,note
S2011,2025-05-18,club,5,note
S2011,2025-06-24,club,3,note
S2011,2025-02-09,club,1,note
S2012,2024-10-31,club,4,note
S2017,2025-01-30,club,3,note
S2017,2025-05-05,club,3,note
S2017,2024-12-02,club,1,note
S2018,2024-12-17,club,5,note
S2022,2025-02-22,club,3,note
S2022,2025-02-06,club,5,note
S2024,2024-11-25,club,3,note
S2024,2025-02-15,club,1,note
S2025,2025-04-24,club,2,note
S2025,2024-12-01,club,2,note
S2025,2025-07-30,club,1,note
S2025,2025-06-03,club,2,note
S2028,2025-01-21,club,5,note
S2035,2025-03-30,club,1,note
S2035,2025-02-15,club,2,note
S2035,2025-08-08,club,5,note
S2036,2024-10-27,club,5,note
S2037,2024-08-16,club,5,note
S2037,2024-09-01,club,1,note
S2038,2024-10-10,club,5,note
S2039,2025-08-03,club,4,note
S2041,2025-02-07,club,5,note
S2042,2024-12-11,club,1,note
S2042,2025-05-09,club,3,note
S2042,2025-06-14,club,5,note
S2044,2025-03-18,club,3,note
S2049,2025-03-26,club,3,note
S2050,2025-03-31,club,3,note
S2052,2025-05-25,club,1,note
S2053,2025-04-15,club,3,note
S2054,2025-08-19,club,5,note
S2058,2025-04-19,club,3,note
S2060,2025-07-24,club,4,note
S2061,2025-01-03,club,4,note
S2062,2025-08-09,club,4,note
S2063,2025-06-02,club,4,note
S2063,2025-07-20,club,1,note
S2064,2025-09-07,club,3,note
S2064,2025-04-18,club,3,note
S2064,2025-09-09,club,1,note
S2065,2025-02-16,club,4,note
S2066,2025-09-05,club,1,note
S2066,2024-12-09,club,1,note
S2066,2024-10-06,club,5,note
S2068,2025-04-21,club,3,note
S2068,2024-10-06,club,2,note
S2068,2025-05-30,club,5,note
S2071,2024-11-21,club,3,note
S2072,2025-05-13,club,1,note
S2072,2024-08-30,club,2,note
S2075,2025-03-09,club,2,note
S2075,2024-09-11,club,4,note
S2076,2025-08-10,club,4,note
S2078,2024-08-20,club,2,note
S2079,2024-11-25,club,2,note
S2080,2025-04-26,club,3,note
S2080,2024-11-28,club,2,note
S2080,2025-06-09,club,2,note
S2080,2025-05-22,club,5,note
S2082,2025-08-11,club,4,note
S2084,2025-03-18,club,5,note
S2084,2025-01-17,club,4,note
S2087,2024-11-01,club,4,note
S2091,2025-03-06,club,1,note
S2093,2025-09-07,club,5,note
S2093,2025-04-26,club,5,note
S2093,2025-08-11,club,1,note
S2093,2025-03-15,club,3,note
S2094,2025-02-02,club,4,note
S2095,2024-09-06,club,4,note
S2098,2024-12-15,club,3,note
S2099,2024-08-10,club,5,note
S2099,2025-08-19,club,2,note
S2099,2024-11-05,club,5,note
S2100,2024-09-18,club,1,note
S2101,2025-03-14,club,4,note
S2101,2025-09-11,club,5,note
S2101,2025-07-21,club,5,note
S2103,2024-11-23,club,2,note
S2104,2024-11-03,club,1,note
S2105,2025-01-20,club,4,note
S2106,2024-10-28,club,2,note
S2107,2025-08-22,club,1,note
S2108,2024-12-10,club,4,note
S2109,2025-05-25,club,1,note
S2109,2024-09-12,club,4,note
S2111,2025-02-24,club,2,note
S2114,2024-12-03,club,4,note
S2117,2025-05-01,club,1,note
S2117,2025-01-27,club,1,note
S2117,2025-04-25,club,4,note
S2118,2025-08-16,club,3,note
S2120,2025-01-24,club,5,note
S2121,2024-11-07,club,2,note
S2122,2025-08-17,club,2,note
S2123,2024-12-14,club,3,note
S2123,2025-04-07,club,4,note
S2124,2024-11-12,club,5,note
S2124,2024-10-08,club,4,note
S2124,2024-10-30,club,4,note
S2129,2025-01-18,club,5,note
S2130,2025-07-10,club,4,note
S2131,2024-10-08,club,4,note
S2133,2025-07-01,club,3,note
S2134,2024-11-17,club,4,note
S2137,2024-11-27,club,4,note
S2139,2024-11-01,club,2,note
S2140,2025-01-14,club,5,note
S2140,2025-06-05,club,3,note
S2141,2025-08-24,club,2,note
S2142,2025-05-05,club,5,note
S2143,2024-08-27,club,5,note
S2143,2025-04-18,club,4,note
S2143,2025-05-08,club,4,note
S2145,2025-06-01,club,1,note
S2146,2025-04-01,club,5,note
S2150,2025-07-06,club,5,note
S2150,2024-10-17,club,5,note
S2154,2025-01-12,club,4,note
S2154,2025-06-02,club,1,note
S2155,2024-10-13,club,4,note
S2155,2024-09-17,club,2,note
S2155,2024-08-17,club,4,note
S2155,2024-11-01,club,4,note
S2155,2024-11-27,club,4,note
S2159,2025-08-21,club,3,note
S2160,2025-07-23,club,4,note
S2162,2024-12-04,club,4,note
S2162,2024-12-30,club,5,note
S2164,2025-03-28,club,1,note
S2164,2024-11-23,club,2,note
S2167,2025-07-17,club,5,note
S2167,2025-03-15,club,2,note
S2167,2025-03-15,club,3,note
S2168,2025-07-04,club,1,note
S2168,2025-04-05,club,2,note
S2168,2024-10-30,club,3,note
S2170,2025-08-14,club,1,note
S2171,2025-02-23,club,5,note
S2172,2025-04-25,club,3,note
S2172,2025-04-10,club,3,note
S2172,2024-11-04,club,5,note
S2172,2025-07-23,club,4,note
S2173,2025-02-03,club,3,note
S2174,2025-02-20,club,1,note
S2175,2024-08-31,club,5,note
S2175,2025-02-20,club,5,note
S2176,2025-05-14,club,1,note
S2177,2025-06-07,club,2,note
S2177,2025-01-11,club,3,note
S2178,2025-05-26,club,2,note
S2179,2025-08-08,club,3,note
S2179,2024-12-04,club,3,note
S2180,2024-09-15,club,5,note
S2183,2025-08-10,club,5,note
S2183,2024-09-07,club,4,note
S2184,2025-01-09,club,1,note
S2184,2025-04-19,club,5,note
S2185,2025-08-18,club,3,note
S2186,2024-12-27,club,4,note
S2190,2025-06-21,club,1,note
S2191,2025-03-25,club,3,note
S2193,2025-04-23,club,5,note
S2195,2025-06-11,club,2,note
S2196,2024-11-13,club,1,note
S2196,2024-09-20,club,2,note
S2197,2025-05-17,club,2,note
S2198,2024-12-18,club,4,note
S2198,2025-07-01,club,4,note
S2199,2024-12-27,club,4,note
S2200,2025-02-13,club,5,note
S2200,2025-02-01,club,1,note
S2201,2025-07-12,club,3,note
S2204,2025-08-13,club,4,note
S2204,2025-06-24,club,5,note
S2205,2025-06-16,club,5,note
S2207,2025-04-26,club,3,note
S2207,2025-04-01,club,2,note
S2208,2024-09-01,club,3,note
S2208,2024-09-06,club,2,note
S2208,2025-03-04,club,1,note
S2209,2025-04-29,club,5,note
S2212,2025-05-04,club,5,note
S2213,2024-10-04,club,2,note
S2214,2024-08-11,club,1,note
S2216,2025-02-18,club,2,note
S2218,2025-02-17,club,5,note
S2218,2024-11-28,club,3,note
S2219,2025-04-25,club,5,note
S2221,2025-01-27,club,5,note
S2222,2025-04-20,club,1,note
S2224,2025-02-25,club,3,note
S2224,2024-09-13,club,2,note
S2225,2024-10-20,club,1,note
S2226,2025-04-27,club,2,note
S2229,2025-03-05,club,2,note
S2229,2024-11-01,club,4,note
S2229,2025-05-21,club,1,note
S2230,2025-08-28,club,4,note
S2231,2025-03-04,club,2,note
S2233,2025-02-11,club,2,note
S2233,2024-10-24,club,2,note
S2233,2025-02-02,club,1,note
S2233,2025-04-14,club,4,note
S2234,2025-01-02,club,3,note
S2234,2025-05-01,club,1,note
S2235,2024-11-06,club,2,note
S2235,2025-02-26,club,1,note
S2236,2025-08-05,club,2,note
S2238,2024-10-23,club,1,note
S2238,2024-12-29,club,2,note
S2238,2024-08-22,club,2,note
S2239,2024-11-01,club,1,note
S2239,2025-01-15,club,5,note
S2239,2025-06-19,club,5,note
S2241,2025-05-17,club,1,note
S2241,2025-05-27,club,2,note
S2241,2025-03-29,club,1,note
S2241,2024-09-15,club,3,note
S2242,2024-10-10,club,4,note
S2244,2025-06-20,club,2,note
S2245,2024-10-14,club,1,note
S2245,2024-09-07,club,5,note
S2246,2025-01-23,club,3,note
S2247,2025-06-05,club,1,note
S2247,2025-08-23,club,3,note
S2247,2025-06-10,club,4,note
S2247,2025-05-10,club,2,note
S2250,2025-04-14,club,5,note
S2252,2025-01-14,club,4,note
S2252,2025-02-26,club,1,note
S2252,2025-04-10,club,4,note
S2252,2025-01-18,club,5,note
S2253,2025-09-11,club,4,note
S2255,2025-05-20,club,5,note
S2257,2025-01-13,club,5,note
S2257,2025-07-13,club,2,note
S2257,2025-03-27,club,1,note
S2257,2024-11-11,club,4,note
S2259,2025-02-08,club,1,note
S2260,2024-09-04,club,3,note
S2260,2025-07-25,club,2,note
S2262,2025-08-29,club,1,note
S2262,2025-05-27,club,5,note
S2263,2025-08-25,club,2,note
S2264,2025-01-23,club,3,note
S2264,2024-08-24,club,4,note
S2264,2024-11-07,club,1,note
S2265,2024-10-08,club,2,note
S2271,2025-06-02,club,4,note
S2272,2024-12-11,club,3,note
S2273,2025-06-24,club,3,note
S2274,2024-09-19,club,5,note
S2277,2025-01-04,club,3,note
S2277,2025-03-02,club,3,note
S2278,2025-07-20,club,5,note
S2278,2024-10-18,club,4,note
S2279,2025-04-09,club,3,note
S2279,2025-05-25,club,2,note
S2280,2024-10-03,club,3,note
S2282,2024-12-28,club,1,note
S2282,2025-02-09,club,3,note
S2284,2025-05-02,club,5,note
S2285,2025-01-30,club,2,note
S2288,2024-11-03,club,1,note
S2288,2024-11-21,club,1,note
S2291,2025-06-20,club,2,note
S2293,2025-02-18,club,2,note
S2296,2025-07-30,club,5,note
S2296,2024-12-19,club,4,note
S2297,2025-07-03,club,2,note
S2299,2025-02-06,club,3,note
S2301,2024-12-02,club,2,note
S2301,2024-10-16,club,3,note
S2303,2025-03-22,club,1,note
S2305,2024-10-31,club,4,note
S2305,2025-03-21,club,4,note
S2306,2025-07-27,club,3,note
S2306,2025-03-31,club,5,note
S2307,2024-09-06,club,3,note
S2307,2025-03-03,club,4,note
S2308,2025-03-14,club,3,note
S2309,2025-04-13,club,5,note
S2310,2025-03-27,club,4,note
S2312,2025-03-04,club,1,note
S2312,2024-09-16,club,4,note
S2312,2025-01-18,club,5,note
S2312,2024-08-14,club,1,note
S2312,2025-02-03,club,5,note
S2313,2025-02-16,club,1,note
S2313,2024-08-14,club,3,note
S2314,2025-05-02,club,4,note
S2315,2025-07-14,club,5,note
S2317,2025-08-28,club,4,note
S2317,2025-03-29,club,3,note
S2319,2025-08-25,club,2,note
S2320,2025-01-08,club,1,note
S2320,2024-08-19,club,2,note
S2320,2025-08-30,club,2,note
S2322,2024-12-07,club,5,note
S2324,2025-08-27,club,4,note
S2324,2025-02-22,club,1,note
S2325,2025-03-27,club,4,note
S2325,2024-11-03,club,3,note
S2331,2024-11-26,club,3,note
S2331,2025-03-17,club,4,note
S2332,2024-08-22,club,3,note
S2332,2025-04-25,club,5,note
S2333,2025-04-14,club,3,note
S2333,2025-08-02,club,2,note
S2334,2025-07-29,club,5,note
S2334,2025-01-26,club,3,note
S2334,2024-11-30,club,1,note
S2335,2024-10-24,club,3,note
S2339,2024-11-14,club,3,note
S2340,2025-08-23,club,2,note
S2340,2025-03-29,club,2,note
S2340,2025-05-18,club,4,note
S2343,2025-04-05,club,1,note
S2343,2025-03-08,club,4,note
S2344,2024-11-17,club,4,note
S2345,2024-08-25,club,5,note
S2345,2025-01-09,club,1,note
S2345,2024-10-23,club,3,note
S2346,2025-06-20,club,1,note
S2347,2025-08-10,club,4,note
S2347,2024-09-29,club,5,note
S2347,2025-01-16,club,3,note
S2348,2024-11-09,club,1,note
S2348,2025-06-11,club,3,note
S2348,2024-12-02,club,1,note
S2350,2024-12-03,club,4,note
S2352,2024-09-11,club,1,note
S2352,2024-09-01,club,3,note
S2353,2024-11-04,club,2,note
S2353,2024-11-06,club,5,note
S2354,2025-09-04,club,5,note
S2354,2025-05-21,club,3,note
S2356,2025-06-09,club,5,note
S2357,2025-03-10,club,3,note
S2358,2025-01-27,club,4,note
S2359,2024-12-11,club,3,note
S2359,2025-06-13,club,5,note
S2360,2025-07-21,club,2,note
S2360,2025-01-08,club,5,note
S2362,2024-10-19,club,3,note
S2362,2025-02-03,club,3,note
S2365,2024-09-17,club,4,note
S2366,2024-09-02,club,2,note
S2366,2025-04-06,club,5,note
S2368,2025-02-13,club,2,note
S2370,2025-02-24,club,1,note
S2372,2024-10-09,club,1,note
S2373,2024-10-26,club,2,note
S2375,2024-09-20,club,5,note
S2375,2024-09-14,club,1,note
S2375,2025-03-04,club,1,note
S2376,2025-06-18,club,4,note
S2377,2024-09-30,club,1,note
S2377,2025-01-15,club,3,note
S2378,2025-07-10,club,4,note
S2380,2025-07-16,club,5,note
S2380,2025-02-24,club,3,note
S2382,2025-05-20,club,3,note
S2383,2025-01-04,club,3,note
S2383,2025-05-17,club,3,note
S2383,2025-04-29,club,3,note
S2384,2025-09-02,club,2,note
S2384,2024-09-16,club,1,note
S2385,2024-12-14,club,2,note
S2386,2025-05-26,club,3,note
S2387,2024-11-02,club,3,note
S2387,2024-10-01,club,5,note
S2387,2024-08-13,club,5,note
S2387,2025-05-25,club,4,note
S2389,2025-05-10,club,1,note
S2391,2025-04-08,club,1,note
S2393,2025-09-05,club,3,note
S2396,2025-03-19,club,2,note
S2397,2024-09-22,club,3,note
S2398,2025-07-02,club,2,note
S2401,2025-08-15,club,4,note
S2401,2025-07-12,club,4,note
S2403,2025-07-21,club,5,note
S2404,2025-01-03,club,5,note
S2406,2025-04-30,club,2,note
S2406,2025-02-05,club,3,note
S2408,2025-01-09,club,3,note
S2410,2024-08-19,club,4,note
S2411,2025-01-10,club,5,note
S2412,2024-08-09,club,1,note
S2412,2024-09-08,club,2,note
S2413,2024-12-15,club,5,note
S2414,2024-12-21,club,3,note
S2416,2024-11-25,club,1,note
S2416,2025-03-14,club,3,note
S2418,2025-01-30,club,1,note
S2419,2025-02-28,club,4,note
S2420,2024-10-06,club,4,note
S2420,2024-10-17,club,3,note
S2421,2025-06-09,club,1,note
S2423,2025-03-10,club,2,note
S2424,2025-04-26,club,2,note
S2424,2024-12-28,club,5,note
S2425,2025-07-19,club,4,note
S2426,2024-08-19,club,2,note
S2427,2025-03-04,club,5,note
S2429,2025-06-19,club,3,note
S2429,2025-05-26,club,5,note
S2431,2024-11-03,club,2,note
S2436,2024-11-26,club,5,note
S2437,2025-08-23,club,1,note
S2438,2025-07-18,club,5,note
S2439,2025-05-10,club,2,note
S2440,2025-06-23,club,1,note
S2440,2025-07-27,club,3,note
S2441,2024-11-09,club,5,note
S2442,2025-06-28,club,4,note
S2443,2024-12-08,club,4,note
S2443,2024-11-12,club,3,note
S2444,2024-10-06,club,3,note
S2445,2025-07-27,club,5,note
S2445,2025-07-05,club,1,note
S2445,2024-12-12,club,2,note
S2445,2025-04-01,club,5,note
S2448,2024-09-18,club,3,note
S2449,2025-03-20,club,4,note
S2449,2024-12-28,club,5,note
S2451,2024-09-27,club,5,note
S2451,2024-10-29,club,4,note
S2452,2024-10-08,club,4,note
S2454,2025-08-26,club,2,note
S2456,2024-08-12,club,3,note
S2456,2025-06-19,club,2,note
S2457,2024-08-24,club,3,note
S2458,2025-03-18,club,3,note
S2458,2025-08-09,club,2,note
S2458,2025-07-30,club,3,note
S2458,2025-02-26,club,1,note
S2459,2024-11-02,club,4,note
S2459,2024-09-25,club,2,note
S2459,2024-09-30,club,1,note
S2460,2024-10-13,club,2,note
S2461,2024-10-29,club,2,note
S2461,2024-09-20,club,3,note
S2461,2025-02-07,club,1,note
S2463,2025-02-04,club,4,note
S2464,2024-11-22,club,2,note
S2466,2025-05-06,club,3,note
S2466,2025-03-17,club,2,note
S2468,2025-07-30,club,2,note
S2469,2024-09-24,club,4,note
S2469,2025-01-11,club,5,note
S2470,2025-08-11,club,1,note
S2472,2025-03-15,club,5,note
S2472,2025-07-11,club,3,note
S2475,2024-08-23,club,2,note
S2476,2025-04-03,club,5,note
S2477,2025-08-22,club,2,note
S2477,2025-06-05,club,2,note
S2477,2025-09-06,club,3,note
S2478,2024-11-23,club,4,note
S2479,2025-07-25,club,2,note
S2480,2024-08-18,club,5,note
S2481,2024-11-02,club,1,note
S2483,2025-02-03,club,1,note
S2483,2025-05-19,club,5,note
S2483,2025-02-14,club,5,note
S2484,2024-12-22,club,5,note
S2484,2025-04-11,club,3,note
S2484,2024-09-12,club,5,note
S2485,2025-05-06,club,1,note
S2487,2025-02-06,club,4,note
S2488,2024-09-05,club,2,note
S2488,2024-09-20,club,2,note
S2489,2024-09-23,club,4,note
S2491,2025-04-30,club,2,note
S2492,2024-11-28,club,5,note
S2492,2025-04-17,club,3,note
S2493,2024-09-18,club,3,note
S2493,2024-10-22,club,3,note
S2493,2025-08-21,club,2,note
S2493,2024-09-09,club,1,note
S2493,2025-08-27,club,1,note
S2495,2025-09-09,club,4,note
S2497,2025-01-08,club,1,note
S2497,2025-05-07,club,1,note
S2497,2025-01-03,club,4,note
S2498,2025-07-06,club,2,note
S2498,2025-02-07,club,5,note
S2501,2024-09-04,club,1,note
S2502,2025-09-08,club,1,note
S2503,2025-01-04,club,5,note
S2503,2024-12-09,club,3,note
S2505,2025-03-01,club,4,note
S2505,2024-10-23,club,5,note
S2506,2025-07-03,club,4,note
S2509,2025-01-12,club,3,note
S2510,2024-12-11,club,2,note
S2510,2024-10-12,club,2,note
S2511,2025-01-20,club,2,note
S2511,2024-10-07,club,1,note
S2511,2025-01-06,club,1,note
S2512,2024-11-30,club,5,note
S2513,2025-02-06,club,2,note
S2514,2025-03-22,club,2,note
S2515,2025-04-27,club,3,note
S2515,2025-08-07,club,5,note
S2515,2025-07-27,club,5,note
S2516,2025-05-05,club,3,note
S2516,2025-06-10,club,5,note
S2517,2024-10-14,club,2,note
S2518,2024-08-28,club,5,note
S2519,2025-02-19,club,2,note
S2521,2025-03-03,club,4,note
S2523,2024-11-24,club,3,note
S2523,2024-11-04,club,5,note
S2524,2024-12-28,club,1,note
S2525,2025-07-30,club,2,note
S2528,2024-11-06,club,2,note
S2529,2025-05-02,club,5,note
S2530,2025-04-05,club,3,note
S2530,2025-02-22,club,4,note
S2533,2025-01-06,club,2,note
S2536,2024-12-09,club,3,note
S2537,2025-07-25,club,1,note
S2538,2024-08-26,club,5,note
S2538,2025-05-17,club,3,note
S2540,2025-08-20,club,1,note
S2541,2025-02-18,club,3,note
S2541,2025-08-08,club,2,note
S2542,2025-07-10,club,1,note
S2542,2025-08-25,club,5,note
S2544,2024-09-06,club,5,note
S2544,2024-10-27,club,3,note
S2545,2025-02-12,club,3,note
S2546,2025-01-16,club,2,note
S2547,2025-02-07,club,1,note
S2547,2025-05-08,club,4,note
S2549,2025-08-16,club,3,note
S2550,2024-09-16,club,4,note
S2552,2025-07-06,club,2,note
S2552,2025-01-17,club,2,note
S2552,2025-06-28,club,4,note
S2552,2024-11-25,club,1,note
S2555,2025-06-08,club,4,note
S2555,2024-09-24,club,4,note
S2556,2025-07-27,club,3,note
S2556,2025-01-05,club,5,note
S2556,2024-10-04,club,3,note
S2556,2025-05-15,club,1,note
S2557,2024-09-29,club,2,note
S2558,2025-04-27,club,5,note
S2558,2024-08-16,club,4,note
S2558,2025-05-24,club,3,note
S2559,2025-01-27,club,5,note
S2559,2024-12-13,club,3,note
S2562,2024-11-13,club,1,note
S2562,2025-05-07,club,4,note
S2563,2025-06-30,club,1,note
S2566,2025-04-02,club,1,note
S2568,2025-01-29,club,1,note
S2568,2025-03-26,club,5,note
S2568,2025-01-24,club,2,note
S2569,2025-06-17,club,4,note
S2570,2025-02-11,club,5,note
S2571,2025-03-10,club,2,note
S2572,2025-08-29,club,1,note
S2573,2025-09-08,club,1,note
S2574,2024-12-24,club,1,note
S2575,2024-09-02,club,2,note
S2576,2024-11-29,club,5,note
S2578,2025-06-25,club,3,note
S2579,2024-09-04,club,2,note
S2579,2024-11-21,club,3,note
S2579,2025-04-16,club,2,note
S2581,2024-10-17,club,1,note
S2583,2025-07-27,club,3,note
S2583,2024-09-01,club,5,note
S2584,2025-07-30,club,1,note
S2585,2024-11-04,club,2,note
S2585,2025-04-17,club,2,note
S2586,2025-04-14,club,2,note
S2586,2025-06-09,club,1,note
S2586,2025-01-04,club,2,note
S2587,2025-06-07,club,2,note
S2587,2025-08-30,club,3,note
S2588,2025-02-28,club,5,note
S2589,2025-06-05,club,1,note
S2591,2025-01-31,club,5,note
S2593,2025-01-11,club,5,note
S2594,2025-03-29,club,4,note
S2594,2024-10-29,club,3,note
S2595,2024-11-02,club,1,note
S2595,2025-07-19,club,1,note
S2596,2024-10-29,club,1,note
S2596,2025-09-04,club,5,note
S2597,2025-02-24,club,2,note
S2598,2025-01-06,club,4,note
S2599,2024-12-01,club,2,note
S2600,2025-04-24,club,3,note
S2600,2024-10-06,club,3,note
S2601,2025-02-04,club,3,note
S2602,2024-11-29,club,1,note
S2604,2025-04-04,club,5,note
S2609,2024-11-30,club,5,note
S2609,2025-05-17,club,3,note
S2612,2024-12-13,club,4,note
S2613,2024-08-18,club,1,note
S2614,2024-11-25,club,1,note
S2614,2025-08-05,club,2,note
S2616,2025-07-31,club,2,note
S2617,2024-11-26,club,1,note
S2619,2024-11-30,club,4,note
S2620,2025-06-02,club,3,note
S2620,2024-10-25,club,4,note
S2621,2025-08-14,club,2,note
S2622,2025-03-22,club,3,note
S2622,2025-02-10,club,4,note
S2624,2025-03-01,club,4,note
S2625,2025-03-31,club,5,note
S2625,2025-04-09,club,3,note
S2626,2024-11-10,club,2,note
S2626,2025-03-12,club,3,note
S2627,2025-02-21,club,2,note
S2627,2024-10-14,club,4,note
S2633,2024-09-08,club,3,note
S2633,2024-10-13,club,2,note
S2634,2025-07-28,club,4,note
S2635,2025-08-02,club,2,note
S2637,2025-05-23,club,3,note
S2637,2024-10-26,club,1,note
S2638,2025-05-03,club,1,note
S2639,2025-07-29,club,5,note
S2640,2025-06-11,club,4,note
S2640,2025-03-01,club,3,note
S2641,2025-03-18,club,4,note
S2641,2024-12-22,club,4,note
S2641,2024-09-20,club,1,note
S2642,2024-10-10,club,2,note
S2642,2024-08-09,club,2,note
S2643,2025-02-08,club,5,note
S2644,2025-02-08,club,3,note
S2645,2025-06-27,club,4,note
S2646,2025-03-20,club,5,note
S2646,2024-11-06,club,1,note
S2647,2025-02-15,club,2,note
S2649,2025-03-21,club,5,note
S2651,2024-09-19,club,1,note
S2654,2025-03-27,club,2,note
S2654,2025-04-27,club,1,note
S2655,2025-09-01,club,2,note
S2655,2024-08-14,club,4,note
S2655,2025-02-28,club,3,note
S2659,2025-06-23,club,5,note
S2660,2024-08-16,club,4,note
S2660,2025-07-10,club,1,note
S2660,2025-06-28,club,5,note
S2661,2024-10-05,club,2,note
S2662,2025-09-04,club,2,note
S2662,2025-02-03,club,2,note
S2663,2025-01-18,club,4,note
S2663,2024-11-14,club,5,note
S2663,2025-06-22,club,2,note
S2664,2024-09-01,club,5,note
S2664,2024-10-27,club,4,note
S2665,2024-11-07,club,4,note
S2666,2024-09-10,club,1,note
S2667,2025-05-30,club,2,note
S2667,2025-04-19,club,4,note
S2669,2025-03-16,club,4,note
S2672,2024-11-21,club,5,note
S2673,2024-09-11,club,4,note
S2674,2024-12-19,club,5,note
S2676,2025-07-19,club,1,note
S2678,2024-12-12,club,4,note
S2679,2025-01-14,club,5,note
S2681,2025-08-01,club,4,note
S2682,2024-12-15,club,1,note
S2683,2024-11-16,club,4,note
S2683,2025-02-03,club,3,note
S2687,2024-12-19,club,2,note
S2689,2024-09-30,club,4,note
S2691,2025-01-01,club,5,note
S2692,2024-11-30,club,3,note
S2692,2025-06-01,club,4,note
S2693,2025-02-16,club,3,note
S2695,2024-11-28,club,4,note
S2696,2024-08-14,club,4,note
S2697,2025-05-18,club,4,note
S2697,2024-09-20,club,1,note
S2697,2025-02-25,club,5,note
S2697,2024-08-18,club,5,note
S2701,2024-12-13,club,4,note
S2704,2024-09-17,club,4,note
S2705,2025-08-08,club,5,note
S2706,2024-10-02,club,1,note
S2706,2024-09-16,club,2,note
S2708,2025-06-12,club,5,note
S2708,2025-01-28,club,1,note
S2708,2025-03-04,club,5,note
S2709,2025-04-22,club,3,note
S2712,2024-10-07,club,1,note
S2713,2025-07-02,club,2,note
S2713,2024-10-23,club,4,note
S2714,2025-01-01,club,5,note
S2714,2025-02-02,club,5,note
S2716,2025-06-09,club,2,note
S2716,2025-08-21,club,1,note
S2716,2024-10-31,club,2,note
S2717,2024-11-30,club,3,note
S2718,2025-02-20,club,5,note
S2722,2025-04-25,club,3,note
S2722,2024-10-15,club,1,note
S2723,2024-09-25,club,2,note
S2724,2025-06-04,club,2,note
S2725,2024-09-19,club,4,note
S2726,2025-01-29,club,1,note
S2726,2025-03-05,club,5,note
S2727,2024-10-22,club,2,note
S2727,2025-01-20,club,2,note
S2729,2025-03-16,club,5,note
S2730,2025-09-03,club,3,note
S2730,2024-10-29,club,1,note
S2731,2025-05-04,club,3,note
S2731,2025-01-25,club,1,note
S2731,2024-11-27,club,3,note
S2731,2025-02-22,club,4,note
S2736,2025-05-31,club,3,note
S2738,2024-12-22,club,5,note
S2738,2024-11-14,club,1,note
S2738,2025-06-12,club,2,note
S2739,2025-05-14,club,5,note
S2739,2024-12-18,club,5,note
S2739,2024-08-21,club,1,note
S2742,2025-03-30,club,5,note
S2742,2025-09-02,club,3,note
S2742,2024-10-19,club,3,note
S2743,2025-01-27,club,1,note
S2744,2025-07-12,club,5,note
S2746,2024-12-30,club,5,note
S2746,2024-11-28,club,3,note
S2747,2025-04-25,club,2,note
S2747,2024-10-25,club,5,note
S2748,2025-03-25,club,1,note
S2749,2024-11-14,club,5,note
S2751,2024-08-19,club,4,note
S2751,2024-11-19,club,5,note
S2752,2025-02-19,club,3,note
S2752,2025-08-06,club,5,note
S2753,2025-04-23,club,3,note
S2753,2025-07-01,club,2,note
S2754,2025-09-10,club,1,note
S2754,2025-07-28,club,3,note
S2755,2024-10-31,club,2,note
S2756,2024-08-28,club,4,note
S2758,2025-06-25,club,1,note
S2758,2025-05-10,club,1,note
S2758,2025-03-12,club,2,note
S2758,2025-08-10,club,4,note
S2762,2024-11-29,club,1,note
S2763,2025-08-06,club,2,note
S2763,2025-07-18,club,4,note
S2766,2025-01-16,club,1,note
S2767,2025-07-14,club,4,note
S2768,2025-05-26,club,3,note
S2768,2025-06-13,club,1,note
S2768,2024-08-29,club,4,note
S2768,2025-06-27,club,5,note
S2772,2025-07-24,club,5,note
S2775,2024-10-14,club,2,note
S2775,2024-09-21,club,4,note
S2777,2025-07-23,club,4,note
S2778,2024-11-08,club,5,note
S2778,2024-10-31,club,2,note
S2779,2024-10-10,club,1,note
S2780,2025-04-15,club,2,note
S2782,2025-08-31,club,4,note
S2782,2025-05-25,club,5,note
S2783,2025-09-03,club,4,note
S2785,2025-01-07,club,2,note
S2787,2024-10-23,club,4,note
S2789,2024-08-11,club,1,note
S2789,2025-08-21,club,2,note
S2790,2025-01-12,club,1,note
S2792,2025-02-11,club,1,note
S2793,2025-07-23,club,4,note
S2794,2025-07-07,club,4,note
S2794,2024-11-04,club,3,note
S2795,2024-11-10,club,1,note
S2796,2025-07-21,club,5,note
S2796,2024-08-24,club,3,note
S2798,2025-06-29,club,3,note
S2798,2025-01-08,club,4,note
S2799,2025-08-26,club,2,note
S2799,2024-12-27,club,4,note
S2799,2025-08-03,club,4,note
S2800,2024-09-04,club,1,note
S2802,2025-06-17,club,4,note
S2803,2024-09-17,club,5,note
S2803,2025-03-07,club,3,note
S2804,2025-01-21,club,2,note
S2812,2025-02-24,club,3,note
S2812,2024-11-21,club,3,note
S2813,2024-09-29,club,3,note
S2813,2025-06-14,club,5,note
S2814,2024-11-19,club,3,note
S2814,2024-08-24,club,5,note
S2815,2025-07-20,club,4,note
S2815,2025-03-29,club,5,note
S2815,2025-08-10,club,3,note
S2816,2025-08-26,club,4,note
S2822,2024-12-04,club,5,note
S2823,2025-06-03,club,2,note
S2827,2024-08-27,club,4,note
S2827,2024-11-27,club,4,note
S2827,2025-08-11,club,5,note
S2831,2025-03-04,club,3,note
S2833,2025-03-06,club,5,note
S2838,2025-04-12,club,4,note
S2839,2024-12-02,club,5,note
S2840,2024-10-10,club,5,note
S2842,2024-10-13,club,1,note
S2842,2024-10-10,club,2,note
S2842,2025-01-05,club,4,note
S2844,2024-11-28,club,5,note
S2844,2024-09-17,club,1,note
S2845,2025-03-20,club,4,note
S2847,2024-11-28,club,4,note
S2850,2025-08-01,club,2,note
S2851,2024-12-07,club,2,note
S2852,2025-06-27,club,3,note
S2852,2024-11-28,club,3,note
S2853,2024-10-24,club,2,note
S2857,2025-01-10,club,1,note
S2857,2024-08-29,club,5,note
S2858,2025-02-04,club,1,note
S2861,2024-09-05,club,2,note
S2862,2024-10-05,club,2,note
S2864,2025-06-03,club,2,note
S2865,2024-11-27,club,2,note
S2866,2025-08-24,club,3,note
S2867,2025-06-17,club,3,note
S2867,2024-10-22,club,4,note
S2868,2025-07-29,club,1,note
S2869,2024-10-08,club,4,note
S2869,2024-09-14,club,1,note
S2871,2025-01-10,club,3,note
S2871,2025-04-23,club,2,note
S2872,2024-11-05,club,1,note
S2873,2025-07-20,club,3,note
S2874,2025-03-29,club,4,note
S2874,2025-06-08,club,2,note
S2875,2025-02-07,club,3,note
S2876,2024-09-13,club,5,note
S2876,2024-09-19,club,2,note
S2876,2024-10-29,club,1,note
S2876,2024-08-29,club,3,note
S2877,2024-08-29,club,2,note
S2878,2024-09-06,club,1,note
S2879,2025-01-09,club,1,note
S2880,2024-11-25,club,1,note
S2880,2025-04-13,club,3,note
S2881,2024-12-27,club,2,note
S2881,2024-12-21,club,5,note
S2882,2025-08-21,club,4,note
S2884,2025-07-31,club,4,note
S2886,2025-03-22,club,2,note
S2887,2024-10-25,club,2,note
S2887,2025-06-16,club,1,note
S2887,2025-01-25,club,3,note
S2890,2024-09-08,club,5,note
S2891,2025-07-31,club,2,note
S2891,2024-09-05,club,1,note
S2893,2025-02-26,club,1,note
S2895,2025-06-13,club,1,note
S2896,2025-03-02,club,4,note
S2897,2025-06-19,club,4,note
S2900,2024-09-18,club,3,note
S2901,2025-01-20,club,3,note
S2901,2025-07-17,club,4,note
S2902,2024-12-26,club,4,note
S2903,2025-07-31,club,3,note
S2904,2024-08-30,club,3,note
S2906,2024-12-06,club,5,note
S2906,2025-03-17,club,2,note
S2906,2025-03-07,club,4,note
S2907,2025-03-10,club,2,note
S2907,2025-09-04,club,4,note
S2908,2025-05-30,club,2,note
S2912,2025-08-21,club,4,note
S2912,2025-04-16,club,4,note
S2912,2024-12-11,club,4,note
S2913,2025-01-22,club,1,note
S2913,2025-02-13,club,3,note
S2914,2025-03-16,club,4,note
S2916,2025-02-26,club,4,note
S2917,2024-11-02,club,2,note
S2917,2024-10-03,club,4,note
S2918,2025-02-25,club,2,note
S2920,2025-04-18,club,1,note
S2920,2025-09-01,club,4,note
S2921,2024-11-21,club,1,note
S2921,2025-01-02,club,3,note
S2923,2025-01-12,club,1,note
S2923,2025-05-29,club,3,note
S2925,2024-11-17,club,5,note
S2926,2025-04-07,club,3,note
S2927,2025-03-05,club,5,note
S2927,2024-08-23,club,4,note
S2928,2024-08-13,club,1,note
S2928,2024-09-02,club,2,note
S2930,2025-06-22,club,5,note
S2932,2024-10-20,club,2,note
S2936,2024-12-08,club,3,note
S2937,2024-08-17,club,3,note
S2938,2025-01-27,club,3,note
S2940,2025-09-05,club,2,note
S2942,2025-03-27,club,1,note
S2943,2025-05-23,club,3,note
S2944,2024-11-26,club,3,note
S2944,2024-10-01,club,3,note
S2944,2025-01-01,club,2,note
S2945,2025-08-31,club,5,note
S2945,2024-09-30,club,2,note
S2947,2024-10-13,club,4,note
S2951,2025-07-03,club,5,note
S2951,2025-03-29,club,3,note
S2952,2024-12-30,club,1,note
S2955,2025-06-03,club,2,note
S2960,2025-08-03,club,3,note
S2960,2025-07-03,club,2,note
S2960,2025-05-11,club,5,note
S2961,2025-03-18,club,5,note
S2961,2024-09-27,club,2,note
S2964,2024-09-09,club,3,note
S2967,2025-07-15,club,4,note
S2969,2024-12-22,club,4,note
S2969,2024-09-25,club,5,note
S2969,2025-07-09,club,2,note
S2969,2025-06-30,club,1,note
S2971,2025-08-01,club,1,note
S2974,2025-07-31,club,3,note
S2975,2025-03-15,club,2,note
S2976,2025-05-26,club,5,note
S2977,2025-09-05,club,2,note
S2978,2024-10-19,club,3,note
S2980,2025-01-16,club,3,note
S2981,2025-07-13,club,1,note
S2983,2025-03-31,club,5,note
S2983,2025-05-18,club,3,note
S2983,2024-10-10,club,5,note
S2985,2025-07-21,club,2,note
S2986,2025-01-13,club,2,note
S2988,2025-02-04,club,4,note
S2990,2024-10-30,club,5,note
S2991,2025-09-02,club,2,note
S2991,2025-02-05,club,4,note
S2991,2025-07-28,club,1,note
S2992,2024-12-06,club,5,note
S2996,2025-08-11,club,5,note
S2996,2025-01-09,club,4,note
S2996,2025-06-17,club,2,note
S2997,2024-10-30,club,2,note
S2997,2025-04-24,club,3,note
S2997,2025-08-19,club,4,note
S2997,2025-08-16,club,5,note
S2997,2025-03-29,club,1,note
S2998,2025-03-25,club,4,note
S2998,2024-10-13,club,5,note
S2999,2025-01-31,club,2,note
