student_id,full_name,join_year,gender,socioeconomic_cat,household_income,first_gen
S1000,Student 0,2023,F,mid,172548,0
S1001,Student 1,2022,M,mid,76122,0
S1002,Student 2,2023,F,high,53968,0
S1003,Student 3,2022,M,high,20806,0
S1004,Student 4,2023,M,high,80064,1
S1005,Student 5,2022,M,mid,84751,0
S1006,Student 6,2024,F,high,114839,0
S1007,Student 7,2022,M,high,250029,0
S1008,Student 8,2022,F,mid,61540,0
S1009,Student 9,2023,M,mid,53513,0
S1010,Student 10,2024,M,mid,48593,0
S1011,Student 11,2022,F,low,65762,0
S1012,Student 12,2022,F,high,21509,0
S1013,Student 13,2024,M,low,193003,0
S1014,Student 14,2022,F,low,22735,0
S1015,Student 15,2023,M,low,52699,0
S1016,Student 16,2022,F,low,60847,0
S1017,Student 17,2024,F,mid,112814,1
S1018,Student 18,2022,M,high,92448,0
S1019,Student 19,2024,F,mid,74265,0
S1020,Student 20,2022,F,mid,92730,0
S1021,Student 21,2024,F,mid,64691,0
S1022,Student 22,2024,F,high,49665,0
S1023,Student 23,2022,F,mid,61926,0
S1024,Student 24,2022,M,mid,79173,0
S1025,Student 25,2023,F,mid,23819,0
S1026,Student 26,2022,M,mid,71505,0
S1027,Student 27,2022,M,mid,46389,1
S1028,Student 28,2023,M,low,77545,0
S1029,Student 29,2022,F,mid,207636,0
S1030,Student 30,2023,M,high,138727,0
S1031,Student 31,2022,M,mid,40416,0
S1032,Student 32,2024,M,high,35712,0
S1033,Student 33,2022,F,mid,188346,0
S1034,Student 34,2022,M,mid,50756,1
S1035,Student 35,2023,F,low,38256,0
S1036,Student 36,2023,F,mid,74328,0
S1037,Student 37,2024,M,mid,76487,0
S1038,Student 38,2023,F,low,134104,0
S1039,Student 39,2024,F,low,36646,0
S1040,Student 40,2023,F,high,40269,0
S1041,Student 41,2022,M,low,29492,0
S1042,Student 42,2023,M,mid,91907,0
S1043,Student 43,2023,F,mid,235767,0
S1044,Student 44,2023,M,mid,23538,0
S1045,Student 45,2023,F,mid,57949,0
S1046,Student 46,2023,F,mid,119504,0
S1047,Student 47,2022,M,mid,65044,0
S1048,Student 48,2022,F,low,102273,0
S1049,Student 49,2022,M,mid,56503,0
S1050,Student 50,2022,M,high,47547,0
S1051,Student 51,2024,M,mid,87493,0
S1052,Student 52,2022,M,high,48283,0
S1053,Student 53,2023,M,mid,92891,0
S1054,Student 54,2023,M,mid,86317,0
S1055,Student 55,2023,M,mid,94405,0
S1056,Student 56,2024,M,low,44225,0
S1057,Student 57,2023,M,mid,45850,0
S1058,Student 58,2024,F,low,99386,0
S1059,Student 59,2024,M,mid,103278,0
S1060,Student 60,2023,M,mid,61780,0
S1061,Student 61,2023,M,low,26770,0
S1062,Student 62,2023,M,mid,179796,0
S1063,Student 63,2023,F,high,57558,0
S1064,Student 64,2023,F,high,33973,0
S1065,Student 65,2022,M,mid,46815,0
S1066,Student 66,2022,M,mid,45335,0
S1067,Student 67,2023,M,high,79928,1
S1068,Student 68,2022,F,mid,65769,0
S1069,Student 69,2024,M,low,68824,0
S1070,Student 70,2022,F,low,43229,0
S1071,Student 71,2024,M,low,76851,0
S1072,Student 72,2023,M,mid,37196,0
S1073,Student 73,2023,F,mid,51910,0
S1074,Student 74,2024,M,mid,31150,0
S1075,Student 75,2023,M,mid,108063,0
S1076,Student 76,2022,M,low,33673,0
S1077,Student 77,2024,F,low,82828,0
S1078,Student 78,2024,M,mid,57128,1
S1079,Student 79,2023,M,mid,179921,0
S1080,Student 80,2024,F,mid,76071,0
S1081,Student 81,2022,F,low,11344,0
S1082,Student 82,2024,M,high,17704,0
S1083,Student 83,2024,M,low,206632,0
S1084,Student 84,2022,M,low,161086,0
S1085,Student 85,2024,M,low,86425,0
S1086,Student 86,2022,M,mid,87021,0
S1087,Student 87,2024,M,high,60043,1
S1088,Student 88,2023,M,mid,76050,0
S1089,Student 89,2022,F,mid,31827,1
S1090,Student 90,2022,M,mid,55795,0
S1091,Student 91,2022,M,mid,74897,1
S1092,Student 92,2024,M,mid,55258,0
S1093,Student 93,2023,F,mid,114307,0
S1094,Student 94,2023,F,mid,36869,0
S1095,Student 95,2023,F,high,38896,0
S1096,Student 96,2023,F,high,56549,1
S1097,Student 97,2024,M,mid,52227,0
S1098,Student 98,2024,M,low,93743,0
S1099,Student 99,2023,F,mid,29337,0
S1100,Student 100,2022,M,high,48042,0
S1101,Student 101,2023,M,mid,161495,0
S1102,Student 102,2024,F,mid,39639,1
S1103,Student 103,2023,F,low,25673,0
S1104,Student 104,2023,M,low,94195,0
S1105,Student 105,2024,F,mid,31680,0
S1106,Student 106,2022,M,low,36465,0
S1107,Student 107,2024,F,high,95848,0
S1108,Student 108,2022,M,high,65985,1
S1109,Student 109,2024,M,mid,82538,1
S1110,Student 110,2024,F,mid,37927,0
S1111,Student 111,2023,M,low,56882,0
S1112,Student 112,2024,F,mid,21263,1
S1113,Student 113,2022,M,mid,74276,0
S1114,Student 114,2022,F,mid,24906,0
S1115,Student 115,2023,F,mid,42503,0
S1116,Student 116,2022,M,mid,34039,0
S1117,Student 117,2022,F,mid,55440,0
S1118,Student 118,2024,M,high,129519,0
S1119,Student 119,2024,F,low,29940,0
S1120,Student 120,2022,F,high,82782,0
S1121,Student 121,2024,F,mid,15510,1
S1122,Student 122,2022,M,mid,41181,0
S1123,Student 123,2022,M,mid,71564,0
S1124,Student 124,2022,M,mid,69554,0
S1125,Student 125,2022,F,low,86819,1
S1126,Student 126,2024,M,high,53908,0
S1127,Student 127,2022,F,high,136686,0
S1128,Student 128,2022,F,mid,221669,0
S1129,Student 129,2022,F,high,96783,1
S1130,Student 130,2024,M,low,49493,0
S1131,Student 131,2024,M,high,39800,0
S1132,Student 132,2022,M,mid,46570,0
S1133,Student 133,2024,F,high,34843,0
S1134,Student 134,2022,F,high,69091,0
S1135,Student 135,2022,F,mid,76373,0
S1136,Student 136,2024,M,low,28227,1
S1137,Student 137,2024,M,mid,108626,0
S1138,Student 138,2022,F,mid,93700,0
S1139,Student 139,2024,F,mid,55799,0
S1140,Student 140,2023,M,low,48107,1
S1141,Student 141,2023,M,mid,123496,0
S1142,Student 142,2023,F,mid,95115,0
S1143,Student 143,2024,F,low,111041,0
S1144,Student 144,2022,M,high,148449,1
S1145,Student 145,2022,M,mid,83439,0
S1146,Student 146,2023,M,high,115863,0
S1147,Student 147,2022,F,mid,130458,0
S1148,Student 148,2023,F,mid,50115,0
S1149,Student 149,2024,M,mid,81492,1
S1150,Student 150,2023,F,mid,40562,0
S1151,Student 151,2024,M,mid,23722,0
S1152,Student 152,2023,F,mid,146815,1
S1153,Student 153,2023,M,mid,29877,0
S1154,Student 154,2023,M,mid,38493,0
S1155,Student 155,2024,F,mid,104476,0
S1156,Student 156,2023,F,low,90873,1
S1157,Student 157,2022,M,mid,72705,0
S1158,Student 158,2024,M,mid,124856,0
S1159,Student 159,2023,F,low,62249,0
S1160,Student 160,2023,F,low,53011,1
S1161,Student 161,2022,F,high,56053,1
S1162,Student 162,2024,F,mid,125163,0
S1163,Student 163,2024,F,mid,33485,0
S1164,Student 164,2023,M,high,31916,0
S1165,Student 165,2022,M,mid,84384,0
S1166,Student 166,2024,F,mid,50355,0
S1167,Student 167,2023,F,mid,48396,0
S1168,Student 168,2022,M,low,134163,0
S1169,Student 169,2024,F,high,182211,0
S1170,Student 170,2023,M,high,21743,0
S1171,Student 171,2024,M,mid,21657,0
S1172,Student 172,2023,M,mid,184998,0
S1173,Student 173,2024,F,high,108070,1
S1174,Student 174,2023,M,low,66923,0
S1175,Student 175,2022,F,mid,46120,0
S1176,Student 176,2024,M,mid,42773,0
S1177,Student 177,2024,M,mid,42213,0
S1178,Student 178,2023,F,mid,107326,0
S1179,Student 179,2023,M,high,51854,0
S1180,Student 180,2022,F,low,67536,0
S1181,Student 181,2022,F,high,80735,0
S1182,Student 182,2022,F,mid,103266,0
S1183,Student 183,2024,M,mid,244321,0
S1184,Student 184,2024,F,low,55533,0
S1185,Student 185,2023,M,mid,53260,0
S1186,Student 186,2022,F,low,52219,0
S1187,Student 187,2022,F,low,51719,0
S1188,Student 188,2022,F,mid,45878,0
S1189,Student 189,2024,F,mid,33585,0
S1190,Student 190,2022,F,high,61107,0
S1191,Student 191,2024,F,high,36327,0
S1192,Student 192,2023,M,mid,102069,0
S1193,Student 193,2024,M,mid,67473,1
S1194,Student 194,2022,F,mid,81233,0
S1195,Student 195,2023,F,low,68954,0
S1196,Student 196,2024,M,mid,34212,1
S1197,Student 197,2022,M,mid,28061,1
S1198,Student 198,2024,M,mid,17988,0
S1199,Student 199,2023,F,mid,75066,1
S1200,Student 200,2022,M,mid,34084,0
S1201,Student 201,2023,M,mid,110217,0
S1202,Student 202,2022,F,mid,40381,0
S1203,Student 203,2022,F,mid,10930,1
S1204,Student 204,2023,M,mid,90494,0
S1205,Student 205,2024,F,high,49002,1
S1206,Student 206,2022,M,low,32816,1
S1207,Student 207,2023,F,low,44063,0
S1208,Student 208,2022,M,high,21169,0
S1209,Student 209,2022,F,mid,91123,0
S1210,Student 210,2024,M,mid,69320,0
S1211,Student 211,2024,F,mid,36069,0
S1212,Student 212,2024,F,high,85441,0
S1213,Student 213,2024,F,high,155783,0
S1214,Student 214,2024,F,low,47750,0
S1215,Student 215,2023,F,mid,102740,0
S1216,Student 216,2024,M,mid,88897,1
S1217,Student 217,2023,M,mid,105332,0
S1218,Student 218,2024,F,mid,122109,0
S1219,Student 219,2023,M,high,95135,0
S1220,Student 220,2022,F,mid,53462,0
S1221,Student 221,2024,M,mid,18153,0
S1222,Student 222,2022,F,low,61138,0
S1223,Student 223,2023,M,mid,59889,0
S1224,Student 224,2023,M,mid,87058,1
S1225,Student 225,2023,F,high,99735,1
S1226,Student 226,2023,M,mid,30859,0
S1227,Student 227,2023,F,low,38784,0
S1228,Student 228,2024,M,mid,86471,0
S1229,Student 229,2024,M,low,53417,0
S1230,Student 230,2023,F,mid,34493,0
S1231,Student 231,2023,M,mid,67215,0
S1232,Student 232,2024,F,mid,36902,0
S1233,Student 233,2023,M,high,95220,1
S1234,Student 234,2022,F,low,56944,1
S1235,Student 235,2024,M,mid,31213,0
S1236,Student 236,2022,F,low,110635,0
S1237,Student 237,2024,M,mid,55244,0
S1238,Student 238,2022,M,mid,58630,0
S1239,Student 239,2023,M,low,25442,1
S1240,Student 240,2023,M,low,43822,1
S1241,Student 241,2022,M,mid,191139,0
S1242,Student 242,2022,F,mid,70806,1
S1243,Student 243,2024,F,high,194317,0
S1244,Student 244,2023,M,mid,140416,0
S1245,Student 245,2022,M,mid,42857,0
S1246,Student 246,2024,M,low,72760,0
S1247,Student 247,2024,F,mid,108909,0
S1248,Student 248,2022,F,low,79400,0
S1249,Student 249,2023,M,high,72176,0
S1250,Student 250,2022,F,mid,76408,1
S1251,Student 251,2024,M,high,53321,0
S1252,Student 252,2024,F,low,12712,0
S1253,Student 253,2023,F,low,29960,0
S1254,Student 254,2023,F,high,43427,1
S1255,Student 255,2023,F,high,60793,1
S1256,Student 256,2022,F,low,60635,0
S1257,Student 257,2022,M,low,63555,1
S1258,Student 258,2024,F,high,26305,0
S1259,Student 259,2024,F,high,100648,0
S1260,Student 260,2022,F,low,91092,0
S1261,Student 261,2023,M,mid,31674,0
S1262,Student 262,2023,F,low,62064,0
S1263,Student 263,2024,F,high,52706,1
S1264,Student 264,2024,F,mid,69103,0
S1265,Student 265,2022,M,high,33808,1
S1266,Student 266,2024,F,low,58393,0
S1267,Student 267,2023,F,mid,22265,1
S1268,Student 268,2023,F,mid,149146,0
S1269,Student 269,2022,M,high,86390,0
S1270,Student 270,2024,M,high,85352,1
S1271,Student 271,2022,M,mid,67770,0
S1272,Student 272,2023,M,mid,188215,0
S1273,Student 273,2023,M,high,90362,1
S1274,Student 274,2024,F,mid,27468,1
S1275,Student 275,2023,F,high,128752,0
S1276,Student 276,2023,M,low,61517,0
S1277,Student 277,2024,M,mid,243719,1
S1278,Student 278,2024,F,low,155696,0
S1279,Student 279,2023,M,low,51269,0
S1280,Student 280,2024,F,low,32725,0
S1281,Student 281,2023,M,low,164217,1
S1282,Student 282,2024,F,mid,74571,0
S1283,Student 283,2023,M,mid,130443,0
S1284,Student 284,2023,F,mid,81173,0
S1285,Student 285,2024,M,high,55840,0
S1286,Student 286,2023,M,mid,100519,0
S1287,Student 287,2024,F,high,36943,1
S1288,Student 288,2024,F,mid,71541,0
S1289,Student 289,2024,M,mid,98517,0
S1290,Student 290,2024,M,mid,106003,0
S1291,Student 291,2022,F,low,41004,0
S1292,Student 292,2022,M,mid,47679,0
S1293,Student 293,2022,M,high,54943,0
S1294,Student 294,2024,F,low,80019,1
S1295,Student 295,2024,F,mid,108884,1
S1296,Student 296,2023,M,mid,36177,0
S1297,Student 297,2024,M,mid,97022,0
S1298,Student 298,2024,F,mid,105444,0
S1299,Student 299,2023,F,high,189241,0
S1300,Student 300,2022,F,low,16170,1
S1301,Student 301,2023,F,low,81200,0
S1302,Student 302,2022,M,mid,22804,0
S1303,Student 303,2023,F,low,73442,0
S1304,Student 304,2023,F,mid,65582,1
S1305,Student 305,2022,F,mid,23374,0
S1306,Student 306,2024,F,mid,223451,0
S1307,Student 307,2022,M,low,69837,1
S1308,Student 308,2024,M,mid,40597,0
S1309,Student 309,2023,F,low,135558,0
S1310,Student 310,2023,F,high,67775,1
S1311,Student 311,2023,F,high,179605,0
S1312,Student 312,2024,M,mid,51334,0
S1313,Student 313,2023,F,mid,65825,0
S1314,Student 314,2022,M,mid,64640,0
S1315,Student 315,2023,F,mid,10127,0
S1316,Student 316,2024,F,high,41775,0
S1317,Student 317,2023,M,mid,101178,0
S1318,Student 318,2022,F,high,37009,0
S1319,Student 319,2023,M,high,19468,0
S1320,Student 320,2022,M,low,63102,0
S1321,Student 321,2023,F,high,105161,0
S1322,Student 322,2023,M,mid,51031,0
S1323,Student 323,2024,F,high,49437,0
S1324,Student 324,2024,F,low,43581,0
S1325,Student 325,2023,F,low,142195,0
S1326,Student 326,2024,M,mid,57658,1
S1327,Student 327,2022,M,mid,89166,1
S1328,Student 328,2023,M,low,39584,0
S1329,Student 329,2022,F,low,120793,0
S1330,Student 330,2024,F,mid,214516,0
S1331,Student 331,2023,F,low,145446,1
S1332,Student 332,2023,F,mid,44910,0
S1333,Student 333,2022,M,high,50535,0
S1334,Student 334,2023,M,high,69134,0
S1335,Student 335,2024,M,mid,62584,1
S1336,Student 336,2024,M,low,162910,0
S1337,Student 337,2022,M,low,10406,0
S1338,Student 338,2024,M,mid,19151,0
S1339,Student 339,2023,M,low,48118,0
S1340,Student 340,2023,F,mid,55636,0
S1341,Student 341,2023,M,low,67939,0
S1342,Student 342,2023,M,low,124595,0
S1343,Student 343,2024,M,mid,53332,0
S1344,Student 344,2024,M,low,43203,0
S1345,Student 345,2023,F,high,63809,0
S1346,Student 346,2022,M,high,40401,0
S1347,Student 347,2023,M,mid,111747,0
S1348,Student 348,2023,M,high,17860,0
S1349,Student 349,2024,F,high,160235,0
S1350,Student 350,2024,M,high,107640,0
S1351,Student 351,2023,M,mid,102317,0
S1352,Student 352,2023,M,mid,56846,1
S1353,Student 353,2023,F,mid,25910,1
S1354,Student 354,2022,F,high,32655,0
S1355,Student 355,2024,M,low,52092,0
S1356,Student 356,2022,F,mid,59326,0
S1357,Student 357,2023,F,mid,47051,0
S1358,Student 358,2022,M,mid,26162,0
S1359,Student 359,2024,F,low,25324,0
S1360,Student 360,2024,F,mid,82615,1
S1361,Student 361,2022,F,low,76329,0
S1362,Student 362,2024,F,mid,27207,0
S1363,Student 363,2023,M,low,188041,0
S1364,Student 364,2023,M,low,79072,1
S1365,Student 365,2022,F,mid,69084,1
S1366,Student 366,2023,M,low,167652,0
S1367,Student 367,2023,F,mid,157479,0
S1368,Student 368,2022,F,low,22728,0
S1369,Student 369,2024,F,low,25035,0
S1370,Student 370,2022,F,low,142433,0
S1371,Student 371,2022,M,high,84774,0
S1372,Student 372,2024,M,low,218210,0
S1373,Student 373,2022,M,low,42013,0
S1374,Student 374,2022,F,high,138224,0
S1375,Student 375,2024,F,high,52340,0
S1376,Student 376,2024,F,low,84421,0
S1377,Student 377,2023,F,mid,65137,0
S1378,Student 378,2022,M,high,58661,0
S1379,Student 379,2023,M,high,34545,0
S1380,Student 380,2024,M,high,124768,0
S1381,Student 381,2023,F,mid,75932,0
S1382,Student 382,2023,M,low,27930,0
S1383,Student 383,2024,M,mid,19430,0
S1384,Student 384,2022,M,low,185793,0
S1385,Student 385,2023,F,high,38667,0
S1386,Student 386,2024,M,low,336290,0
S1387,Student 387,2022,F,mid,51763,0
S1388,Student 388,2024,F,high,38205,0
S1389,Student 389,2024,F,mid,31938,0
S1390,Student 390,2024,F,low,81446,0
S1391,Student 391,2022,M,low,49227,0
S1392,Student 392,2023,F,low,36748,0
S1393,Student 393,2022,F,mid,43783,0
S1394,Student 394,2024,F,mid,37051,1
S1395,Student 395,2023,F,high,52467,0
S1396,Student 396,2024,F,mid,50435,0
S1397,Student 397,2024,M,mid,66906,0
S1398,Student 398,2022,M,high,45229,1
S1399,Student 399,2022,F,high,35685,0
S1400,Student 400,2023,F,low,79877,1
S1401,Student 401,2022,F,high,33492,0
S1402,Student 402,2022,M,mid,82790,0
S1403,Student 403,2023,F,mid,236636,0
S1404,Student 404,2024,M,mid,110640,1
S1405,Student 405,2022,M,high,48950,0
S1406,Student 406,2024,M,mid,66045,1
S1407,Student 407,2022,F,mid,52002,1
S1408,Student 408,2024,F,mid,38896,0
S1409,Student 409,2023,F,mid,218454,0
S1410,Student 410,2024,M,high,90481,1
S1411,Student 411,2023,F,high,31772,1
S1412,Student 412,2023,F,high,60814,1
S1413,Student 413,2024,F,low,55748,0
S1414,Student 414,2023,F,low,35848,0
S1415,Student 415,2023,F,mid,42808,0
S1416,Student 416,2024,F,mid,60285,0
S1417,Student 417,2023,M,mid,98421,0
S1418,Student 418,2022,M,mid,47802,0
S1419,Student 419,2022,F,mid,31833,1
S1420,Student 420,2022,M,high,45740,0
S1421,Student 421,2023,F,mid,21025,1
S1422,Student 422,2023,M,low,11144,0
S1423,Student 423,2022,M,high,29346,1
S1424,Student 424,2024,F,mid,71083,0
S1425,Student 425,2023,F,mid,107703,0
S1426,Student 426,2023,F,high,26236,0
S1427,Student 427,2023,M,low,80869,1
S1428,Student 428,2024,M,high,97295,0
S1429,Student 429,2024,F,low,29177,0
S1430,Student 430,2024,M,mid,97761,0
S1431,Student 431,2024,F,mid,83241,0
S1432,Student 432,2022,F,mid,101420,0
S1433,Student 433,2023,M,mid,70195,0
S1434,Student 434,2023,F,mid,172259,0
S1435,Student 435,2022,M,mid,94132,0
S1436,Student 436,2022,F,mid,196210,0
S1437,Student 437,2022,F,mid,42456,0
S1438,Student 438,2023,M,low,57854,0
S1439,Student 439,2023,M,high,158998,0
S1440,Student 440,2024,F,mid,58524,0
S1441,Student 441,2022,F,low,225993,0
S1442,Student 442,2024,M,high,38906,0
S1443,Student 443,2024,F,low,27844,0
S1444,Student 444,2024,F,mid,235894,0
S1445,Student 445,2022,F,mid,111474,0
S1446,Student 446,2024,F,high,84177,0
S1447,Student 447,2022,M,high,85554,0
S1448,Student 448,2023,F,low,82966,1
S1449,Student 449,2023,M,high,45055,0
S1450,Student 450,2023,M,low,97803,1
S1451,Student 451,2023,F,mid,69073,0
S1452,Student 452,2023,M,mid,69108,1
S1453,Student 453,2023,M,high,30368,0
S1454,Student 454,2024,M,mid,50555,0
S1455,Student 455,2024,M,mid,71137,0
S1456,Student 456,2024,F,mid,83247,0
S1457,Student 457,2023,F,high,61249,0
S1458,Student 458,2023,F,mid,110392,0
S1459,Student 459,2023,F,high,31156,0
S1460,Student 460,2023,M,high,88065,0
S1461,Student 461,2022,M,mid,85215,0
S1462,Student 462,2022,M,high,35234,0
S1463,Student 463,2023,F,mid,93425,0
S1464,Student 464,2024,M,high,58749,1
S1465,Student 465,2022,F,high,18877,0
S1466,Student 466,2022,F,low,57014,0
S1467,Student 467,2024,F,low,69976,0
S1468,Student 468,2024,F,low,103548,0
S1469,Student 469,2024,M,low,41085,0
S1470,Student 470,2024,M,mid,48360,1
S1471,Student 471,2024,M,high,274893,0
S1472,Student 472,2024,M,high,45288,0
S1473,Student 473,2024,M,mid,77834,0
S1474,Student 474,2024,M,low,16038,0
S1475,Student 475,2022,F,mid,48646,1
S1476,Student 476,2023,M,high,103561,0
S1477,Student 477,2022,F,high,225659,0
S1478,Student 478,2023,F,high,39824,0
S1479,Student 479,2024,M,high,42676,0
S1480,Student 480,2022,F,mid,48099,1
S1481,Student 481,2022,F,mid,56960,0
S1482,Student 482,2023,M,mid,168589,1
S1483,Student 483,2024,F,low,82510,0
S1484,Student 484,2022,F,mid,28024,0
S1485,Student 485,2024,F,mid,114870,0
S1486,Student 486,2022,M,mid,57724,0
S1487,Student 487,2024,F,high,51946,0
S1488,Student 488,2022,M,mid,38400,0
S1489,Student 489,2022,F,mid,83271,0
S1490,Student 490,2022,F,high,35186,0
S1491,Student 491,2023,F,low,71905,0
S1492,Student 492,2024,F,mid,146170,1
S1493,Student 493,2023,M,high,93689,0
S1494,Student 494,2024,M,low,56888,0
S1495,Student 495,2024,M,mid,48303,1
S1496,Student 496,2024,M,low,117061,1
S1497,Student 497,2024,F,mid,47297,0
S1498,Student 498,2023,F,mid,69661,0
S1499,Student 499,2023,M,mid,47359,0
S1500,Student 500,2023,M,low,186931,1
S1501,Student 501,2022,F,high,127123,0
S1502,Student 502,2024,M,mid,76710,0
S1503,Student 503,2023,F,high,21221,0
S1504,Student 504,2024,F,high,31615,1
S1505,Student 505,2024,F,low,48457,0
S1506,Student 506,2024,M,high,73409,0
S1507,Student 507,2023,F,mid,56190,0
S1508,Student 508,2022,F,mid,112424,0
S1509,Student 509,2023,M,mid,85088,0
S1510,Student 510,2024,M,mid,84048,0
S1511,Student 511,2023,M,high,61747,0
S1512,Student 512,2024,M,low,105517,0
S1513,Student 513,2022,M,high,87841,0
S1514,Student 514,2022,M,mid,65363,0
S1515,Student 515,2024,M,high,96051,0
S1516,Student 516,2023,M,mid,62049,0
S1517,Student 517,2023,F,high,64600,0
S1518,Student 518,2024,M,low,62585,0
S1519,Student 519,2024,M,high,101471,0
S1520,Student 520,2023,M,mid,67233,1
S1521,Student 521,2022,M,mid,130405,0
S1522,Student 522,2023,F,high,53651,0
S1523,Student 523,2022,M,high,102513,0
S1524,Student 524,2023,F,mid,61518,0
S1525,Student 525,2022,M,low,182701,1
S1526,Student 526,2023,M,low,27145,0
S1527,Student 527,2024,M,mid,63393,0
S1528,Student 528,2024,F,mid,36330,1
S1529,Student 529,2024,F,high,108216,0
S1530,Student 530,2024,F,low,44924,0
S1531,Student 531,2023,M,mid,23088,1
S1532,Student 532,2023,M,mid,24202,0
S1533,Student 533,2024,M,mid,50694,0
S1534,Student 534,2022,M,mid,27440,0
S1535,Student 535,2022,M,mid,36963,1
S1536,Student 536,2023,F,mid,50537,0
S1537,Student 537,2024,F,high,59989,0
S1538,Student 538,2023,F,mid,33590,0
S1539,Student 539,2023,M,high,30775,1
S1540,Student 540,2023,F,low,58318,0
S1541,Student 541,2023,M,mid,19721,0
S1542,Student 542,2024,F,high,195647,0
S1543,Student 543,2022,M,low,125761,0
S1544,Student 544,2023,M,low,92132,0
S1545,Student 545,2022,F,low,91806,0
S1546,Student 546,2023,M,low,95450,0
S1547,Student 547,2022,M,mid,50280,0
S1548,Student 548,2022,M,high,40841,0
S1549,Student 549,2024,F,low,125776,0
S1550,Student 550,2023,M,high,198066,0
S1551,Student 551,2022,M,mid,54253,0
S1552,Student 552,2023,M,high,22258,0
S1553,Student 553,2022,M,mid,138570,1
S1554,Student 554,2022,F,high,62982,0
S1555,Student 555,2023,M,low,61772,0
S1556,Student 556,2024,M,mid,84839,0
S1557,Student 557,2024,F,high,162838,0
S1558,Student 558,2024,F,low,25231,0
S1559,Student 559,2022,F,low,94127,0
S1560,Student 560,2023,M,mid,48372,0
S1561,Student 561,2024,F,mid,135951,0
S1562,Student 562,2023,F,mid,148390,0
S1563,Student 563,2023,M,low,31148,0
S1564,Student 564,2024,M,mid,161266,0
S1565,Student 565,2024,M,high,47165,0
S1566,Student 566,2022,F,high,31766,0
S1567,Student 567,2022,F,high,69691,0
S1568,Student 568,2023,M,high,51690,1
S1569,Student 569,2023,F,low,20447,0
S1570,Student 570,2023,F,mid,46909,0
S1571,Student 571,2024,M,mid,74317,0
S1572,Student 572,2022,F,mid,182675,0
S1573,Student 573,2023,F,high,115484,0
S1574,Student 574,2022,M,mid,28110,0
S1575,Student 575,2024,M,mid,18139,0
S1576,Student 576,2023,F,low,14436,0
S1577,Student 577,2022,M,mid,215197,0
S1578,Student 578,2022,M,mid,58650,0
S1579,Student 579,2023,F,mid,86253,0
S1580,Student 580,2024,F,high,28653,0
S1581,Student 581,2023,M,mid,56451,0
S1582,Student 582,2024,F,mid,67419,1
S1583,Student 583,2024,M,mid,63490,0
S1584,Student 584,2023,M,low,31077,0
S1585,Student 585,2022,M,mid,96593,0
S1586,Student 586,2022,F,low,37846,0
S1587,Student 587,2022,M,low,99188,0
S1588,Student 588,2023,M,mid,60786,1
S1589,Student 589,2022,M,low,118307,0
S1590,Student 590,2023,F,high,56449,0
S1591,Student 591,2023,F,high,35172,0
S1592,Student 592,2022,F,mid,17184,0
S1593,Student 593,2023,M,high,40718,0
S1594,Student 594,2023,F,high,37283,0
S1595,Student 595,2024,M,mid,69718,0
S1596,Student 596,2022,M,low,33162,0
S1597,Student 597,2022,M,mid,66513,1
S1598,Student 598,2022,F,mid,22088,0
S1599,Student 599,2024,M,mid,52929,0
S1600,Student 600,2023,M,high,80665,0
S1601,Student 601,2024,M,low,34078,0
S1602,Student 602,2023,F,high,82707,0
S1603,Student 603,2022,M,mid,80017,0
S1604,Student 604,2022,M,low,13294,0
S1605,Student 605,2023,F,high,70569,0
S1606,Student 606,2023,M,mid,51584,0
S1607,Student 607,2023,F,low,85070,0
S1608,Student 608,2024,M,mid,28895,1
S1609,Student 609,2023,F,mid,124668,0
S1610,Student 610,2023,F,mid,77566,0
S1611,Student 611,2023,F,mid,66290,0
S1612,Student 612,2022,F,mid,65048,0
S1613,Student 613,2022,M,low,60082,1
S1614,Student 614,2023,M,low,109527,0
S1615,Student 615,2022,M,mid,29432,0
S1616,Student 616,2022,F,high,33336,0
S1617,Student 617,2023,F,low,46390,0
S1618,Student 618,2024,F,low,29807,1
S1619,Student 619,2023,F,low,84731,1
S1620,Student 620,2022,M,mid,56129,1
S1621,Student 621,2024,F,low,31768,0
S1622,Student 622,2022,F,mid,29714,0
S1623,Student 623,2023,M,mid,54093,0
S1624,Student 624,2022,F,high,33537,0
S1625,Student 625,2024,F,mid,38770,0
S1626,Student 626,2023,M,low,39074,0
S1627,Student 627,2024,M,mid,117803,1
S1628,Student 628,2024,M,high,24677,0
S1629,Student 629,2022,F,mid,54321,0
S1630,Student 630,2022,M,mid,115142,1
S1631,Student 631,2022,M,mid,25290,0
S1632,Student 632,2023,M,low,25433,1
S1633,Student 633,2022,M,mid,34216,0
S1634,Student 634,2022,F,mid,52014,0
S1635,Student 635,2023,M,mid,35667,0
S1636,Student 636,2023,F,mid,92443,0
S1637,Student 637,2023,F,high,93386,0
S1638,Student 638,2024,F,low,283711,0
S1639,Student 639,2022,M,mid,29445,0
S1640,Student 640,2023,F,high,54592,0
S1641,Student 641,2023,M,low,56702,0
S1642,Student 642,2022,F,high,99391,0
S1643,Student 643,2022,M,high,60119,0
S1644,Student 644,2024,F,mid,31442,0
S1645,Student 645,2024,M,low,116585,0
S1646,Student 646,2024,F,low,40876,0
S1647,Student 647,2022,M,high,34742,0
S1648,Student 648,2024,M,low,71519,0
S1649,Student 649,2022,F,high,24052,0
S1650,Student 650,2023,F,mid,42166,0
S1651,Student 651,2023,F,high,74559,1
S1652,Student 652,2023,F,mid,91425,1
S1653,Student 653,2023,M,mid,67605,0
S1654,Student 654,2024,F,high,150643,0
S1655,Student 655,2023,F,mid,29114,0
S1656,Student 656,2024,F,high,39050,1
S1657,Student 657,2022,M,mid,64659,0
S1658,Student 658,2022,M,mid,26821,0
S1659,Student 659,2022,M,low,38851,0
S1660,Student 660,2022,M,mid,64529,0
S1661,Student 661,2022,M,high,300155,0
S1662,Student 662,2023,M,low,113485,0
S1663,Student 663,2023,F,high,55769,0
S1664,Student 664,2022,M,mid,145354,1
S1665,Student 665,2024,F,low,107730,0
S1666,Student 666,2023,M,low,97987,0
S1667,Student 667,2023,M,mid,48391,0
S1668,Student 668,2022,F,high,46803,0
S1669,Student 669,2023,F,low,106736,0
S1670,Student 670,2022,M,high,34665,0
S1671,Student 671,2023,M,mid,69790,0
S1672,Student 672,2023,M,high,82696,0
S1673,Student 673,2024,M,mid,71220,0
S1674,Student 674,2023,F,mid,69093,0
S1675,Student 675,2023,M,mid,55841,0
S1676,Student 676,2023,M,high,81626,0
S1677,Student 677,2022,M,low,76540,0
S1678,Student 678,2022,M,mid,69406,0
S1679,Student 679,2024,F,high,34517,0
S1680,Student 680,2023,F,mid,129554,1
S1681,Student 681,2024,M,mid,23006,0
S1682,Student 682,2024,M,low,56385,0
S1683,Student 683,2024,M,high,61770,0
S1684,Student 684,2024,M,high,60537,0
S1685,Student 685,2024,F,mid,172032,0
S1686,Student 686,2024,F,mid,57169,0
S1687,Student 687,2022,M,mid,54652,0
S1688,Student 688,2023,F,low,130347,0
S1689,Student 689,2023,F,high,75279,1
S1690,Student 690,2023,M,low,43035,0
S1691,Student 691,2022,F,mid,36261,0
S1692,Student 692,2022,M,high,96473,1
S1693,Student 693,2023,M,mid,54702,1
S1694,Student 694,2024,F,low,79475,0
S1695,Student 695,2022,M,low,46600,0
S1696,Student 696,2023,F,mid,39286,0
S1697,Student 697,2022,M,mid,50056,0
S1698,Student 698,2023,M,mid,135264,0
S1699,Student 699,2022,F,mid,58629,0
S1700,Student 700,2022,F,mid,121862,0
S1701,Student 701,2022,M,mid,96398,0
S1702,Student 702,2024,M,mid,54491,0
S1703,Student 703,2022,M,mid,32658,0
S1704,Student 704,2022,M,high,57856,1
S1705,Student 705,2024,F,mid,73444,0
S1706,Student 706,2023,M,high,78704,0
S1707,Student 707,2022,M,low,56513,0
S1708,Student 708,2023,F,low,122679,0
S1709,Student 709,2022,M,low,255846,1
S1710,Student 710,2023,M,mid,66074,0
S1711,Student 711,2024,M,high,102195,0
S1712,Student 712,2024,F,high,76037,1
S1713,Student 713,2024,M,high,28184,0
S1714,Student 714,2023,M,high,33488,0
S1715,Student 715,2022,M,mid,52672,0
S1716,Student 716,2022,M,mid,69915,0
S1717,Student 717,2022,M,low,60665,0
S1718,Student 718,2024,M,high,82193,0
S1719,Student 719,2022,M,high,25121,0
S1720,Student 720,2024,F,mid,42154,0
S1721,Student 721,2022,M,mid,21662,0
S1722,Student 722,2023,M,mid,23492,1
S1723,Student 723,2022,F,low,107310,0
S1724,Student 724,2024,F,low,49194,0
S1725,Student 725,2023,F,low,34127,0
S1726,Student 726,2023,F,high,38690,0
S1727,Student 727,2023,M,mid,65697,0
S1728,Student 728,2024,F,high,74283,1
S1729,Student 729,2024,F,low,227779,0
S1730,Student 730,2024,F,low,85175,0
S1731,Student 731,2024,M,mid,47847,0
S1732,Student 732,2023,F,mid,76967,0
S1733,Student 733,2024,F,mid,26170,0
S1734,Student 734,2024,M,low,38840,0
S1735,Student 735,2022,M,high,91148,0
S1736,Student 736,2024,F,mid,53529,1
S1737,Student 737,2022,F,high,30146,0
S1738,Student 738,2022,M,low,102789,0
S1739,Student 739,2023,M,mid,102213,0
S1740,Student 740,2023,M,low,72065,0
S1741,Student 741,2022,M,mid,62315,1
S1742,Student 742,2022,M,high,54888,0
S1743,Student 743,2022,F,mid,58224,0
S1744,Student 744,2023,M,low,27496,1
S1745,Student 745,2022,M,high,207399,0
S1746,Student 746,2023,M,high,57934,0
S1747,Student 747,2024,F,low,81922,0
S1748,Student 748,2023,M,high,26007,0
S1749,Student 749,2024,M,high,18541,0
S1750,Student 750,2023,M,high,46944,0
S1751,Student 751,2022,F,high,122729,1
S1752,Student 752,2022,F,low,40065,0
S1753,Student 753,2024,F,high,30309,0
S1754,Student 754,2023,M,mid,15379,0
S1755,Student 755,2022,F,low,125709,0
S1756,Student 756,2022,F,low,66101,0
S1757,Student 757,2024,M,low,96044,0
S1758,Student 758,2024,M,high,105964,1
S1759,Student 759,2024,M,mid,132137,0
S1760,Student 760,2022,F,high,27399,0
S1761,Student 761,2024,F,high,118297,0
S1762,Student 762,2023,F,high,129305,0
S1763,Student 763,2022,F,mid,121872,0
S1764,Student 764,2024,M,mid,36420,0
S1765,Student 765,2023,M,mid,56992,1
S1766,Student 766,2024,M,mid,78191,0
S1767,Student 767,2023,M,mid,59739,0
S1768,Student 768,2023,F,high,95932,0
S1769,Student 769,2023,F,low,46411,0
S1770,Student 770,2023,F,mid,52550,0
S1771,Student 771,2023,F,mid,95166,1
S1772,Student 772,2023,F,mid,64510,1
S1773,Student 773,2023,F,mid,31776,0
S1774,Student 774,2024,M,mid,163831,1
S1775,Student 775,2023,M,mid,80658,0
S1776,Student 776,2022,M,mid,35415,1
S1777,Student 777,2023,M,low,41935,0
S1778,Student 778,2022,M,mid,28495,1
S1779,Student 779,2023,F,mid,66675,0
S1780,Student 780,2022,M,high,56019,0
S1781,Student 781,2022,M,low,162799,1
S1782,Student 782,2022,M,high,62405,0
S1783,Student 783,2024,F,mid,85089,1
S1784,Student 784,2022,M,mid,53828,1
S1785,Student 785,2024,F,mid,43563,0
S1786,Student 786,2022,M,low,71869,1
S1787,Student 787,2024,M,mid,45363,1
S1788,Student 788,2023,M,low,30803,0
S1789,Student 789,2022,F,mid,250594,0
S1790,Student 790,2023,M,high,64774,0
S1791,Student 791,2022,F,high,47780,0
S1792,Student 792,2022,F,low,45975,0
S1793,Student 793,2023,M,high,87341,0
S1794,Student 794,2023,F,mid,32550,0
S1795,Student 795,2023,F,mid,79953,0
S1796,Student 796,2023,M,mid,37083,0
S1797,Student 797,2023,F,high,34729,0
S1798,Student 798,2024,F,mid,31960,1
S1799,Student 799,2022,F,low,19214,0
S1800,Student 800,2022,F,mid,44852,0
S1801,Student 801,2024,M,mid,78048,0
S1802,Student 802,2024,M,high,116002,0
S1803,Student 803,2023,M,mid,39409,0
S1804,Student 804,2023,M,mid,80636,0
S1805,Student 805,2024,M,high,84640,0
S1806,Student 806,2023,F,high,39130,0
S1807,Student 807,2023,M,high,19310,0
S1808,Student 808,2023,F,mid,65529,1
S1809,Student 809,2022,M,mid,73226,0
S1810,Student 810,2024,F,low,194780,0
S1811,Student 811,2024,F,high,108231,0
S1812,Student 812,2023,F,high,22516,1
S1813,Student 813,2023,F,mid,47964,0
S1814,Student 814,2022,M,mid,212205,0
S1815,Student 815,2022,M,low,69880,0
S1816,Student 816,2023,F,high,47284,0
S1817,Student 817,2022,M,high,59971,0
S1818,Student 818,2023,F,high,99226,0
S1819,Student 819,2023,F,low,42278,0
S1820,Student 820,2024,F,low,69601,0
S1821,Student 821,2022,F,mid,30262,0
S1822,Student 822,2024,M,high,51263,1
S1823,Student 823,2023,F,low,38180,0
S1824,Student 824,2024,M,high,146236,0
S1825,Student 825,2022,M,mid,71272,1
S1826,Student 826,2023,F,mid,31135,0
S1827,Student 827,2023,M,mid,198406,1
S1828,Student 828,2022,F,mid,103136,0
S1829,Student 829,2024,M,high,123242,0
S1830,Student 830,2024,F,mid,26981,0
S1831,Student 831,2022,M,mid,53518,0
S1832,Student 832,2022,M,high,153019,0
S1833,Student 833,2022,F,mid,26162,0
S1834,Student 834,2023,F,low,42908,0
S1835,Student 835,2023,M,mid,40609,1
S1836,Student 836,2024,F,high,33394,0
S1837,Student 837,2022,M,low,170104,1
S1838,Student 838,2023,F,low,18925,0
S1839,Student 839,2023,F,low,127981,0
S1840,Student 840,2023,M,mid,35923,0
S1841,Student 841,2023,M,low,20660,0
S1842,Student 842,2023,F,low,69189,0
S1843,Student 843,2023,M,mid,33409,0
S1844,Student 844,2023,M,high,62477,0
S1845,Student 845,2022,M,high,65078,0
S1846,Student 846,2022,F,low,39124,0
S1847,Student 847,2023,M,mid,70462,0
S1848,Student 848,2022,M,high,45434,1
S1849,Student 849,2023,M,mid,108088,0
S1850,Student 850,2023,F,high,100821,0
S1851,Student 851,2023,F,high,30053,1
S1852,Student 852,2022,F,mid,50368,0
S1853,Student 853,2022,M,mid,91772,1
S1854,Student 854,2023,F,high,27110,1
S1855,Student 855,2023,M,high,80777,0
S1856,Student 856,2022,F,mid,126093,0
S1857,Student 857,2022,F,low,54527,0
S1858,Student 858,2022,F,mid,120757,0
S1859,Student 859,2023,M,low,72646,1
S1860,Student 860,2022,F,mid,48340,0
S1861,Student 861,2022,M,mid,26207,0
S1862,Student 862,2023,F,mid,37295,1
S1863,Student 863,2024,F,mid,62762,0
S1864,Student 864,2022,F,mid,72549,0
S1865,Student 865,2022,F,high,208460,1
S1866,Student 866,2023,F,mid,22089,0
S1867,Student 867,2023,M,high,216786,0
S1868,Student 868,2023,M,low,25552,0
S1869,Student 869,2024,F,mid,126263,0
S1870,Student 870,2023,F,low,119520,0
S1871,Student 871,2022,F,high,26770,0
S1872,Student 872,2024,F,low,79329,0
S1873,Student 873,2023,M,low,27589,0
S1874,Student 874,2023,M,high,120134,0
S1875,Student 875,2024,F,mid,60917,1
S1876,Student 876,2023,M,mid,161162,0
S1877,Student 877,2022,M,mid,26609,0
S1878,Student 878,2022,F,mid,48119,1
S1879,Student 879,2022,M,mid,54144,1
S1880,Student 880,2023,M,high,102614,0
S1881,Student 881,2022,F,mid,118666,1
S1882,Student 882,2023,M,mid,51792,0
S1883,Student 883,2024,F,high,65853,0
S1884,Student 884,2023,F,mid,72475,0
S1885,Student 885,2023,F,mid,70824,1
S1886,Student 886,2022,F,mid,50163,0
S1887,Student 887,2023,F,low,52812,1
S1888,Student 888,2023,M,mid,30750,0
S1889,Student 889,2022,M,high,28590,1
S1890,Student 890,2023,F,high,31145,0
S1891,Student 891,2023,M,low,18440,0
S1892,Student 892,2024,F,mid,56691,0
S1893,Student 893,2023,M,high,19982,0
S1894,Student 894,2024,M,high,31563,0
S1895,Student 895,2022,F,mid,57871,0
S1896,Student 896,2023,F,mid,59966,0
S1897,Student 897,2024,M,mid,87567,0
S1898,Student 898,2024,F,mid,51144,0
S1899,Student 899,2023,F,low,28185,0
S1900,Student 900,2023,M,low,54355,0
S1901,Student 901,2022,M,mid,42428,0
S1902,Student 902,2022,M,high,63307,0
S1903,Student 903,2024,F,low,7601,0
S1904,Student 904,2023,F,low,60200,0
S1905,Student 905,2023,F,mid,109521,0
S1906,Student 906,2023,F,high,28120,1
S1907,Student 907,2022,F,low,93596,1
S1908,Student 908,2024,F,mid,34712,0
S1909,Student 909,2023,M,high,39259,1
S1910,Student 910,2023,F,mid,116959,0
S1911,Student 911,2022,F,low,34464,0
S1912,Student 912,2024,F,low,23032,0
S1913,Student 913,2024,F,low,61115,0
S1914,Student 914,2024,M,mid,49864,0
S1915,Student 915,2022,M,mid,192207,0
S1916,Student 916,2023,F,high,37059,0
S1917,Student 917,2023,F,low,80621,0
S1918,Student 918,2023,F,high,104661,0
S1919,Student 919,2023,M,high,41795,0
S1920,Student 920,2022,M,mid,64030,0
S1921,Student 921,2024,M,mid,44860,0
S1922,Student 922,2022,F,low,202524,0
S1923,Student 923,2023,F,low,146500,0
S1924,Student 924,2022,F,mid,63215,0
S1925,Student 925,2023,F,low,56153,0
S1926,Student 926,2023,F,low,34235,0
S1927,Student 927,2022,M,high,190591,0
S1928,Student 928,2022,M,high,69556,0
S1929,Student 929,2022,M,low,34428,0
S1930,Student 930,2022,M,mid,30583,0
S1931,Student 931,2022,F,mid,32355,0
S1932,Student 932,2024,M,high,62786,0
S1933,Student 933,2024,M,mid,54143,0
S1934,Student 934,2022,F,mid,51321,0
S1935,Student 935,2022,M,high,90449,0
S1936,Student 936,2024,F,mid,68523,0
S1937,Student 937,2024,F,mid,116492,0
S1938,Student 938,2024,M,mid,50241,0
S1939,Student 939,2022,F,mid,53309,0
S1940,Student 940,2024,M,mid,59767,0
S1941,Student 941,2024,F,low,20614,0
S1942,Student 942,2024,F,mid,82562,0
S1943,Student 943,2022,F,mid,47110,0
S1944,Student 944,2022,M,mid,73058,0
S1945,Student 945,2022,M,mid,54210,0
S1946,Student 946,2023,F,mid,21408,0
S1947,Student 947,2023,F,mid,65876,0
S1948,Student 948,2024,F,mid,17127,1
S1949,Student 949,2024,F,mid,44151,0
S1950,Student 950,2023,M,high,36111,1
S1951,Student 951,2023,M,high,90775,0
S1952,Student 952,2023,F,mid,60613,0
S1953,Student 953,2023,M,mid,83577,0
S1954,Student 954,2022,F,high,148253,0
S1955,Student 955,2023,M,low,47980,0
S1956,Student 956,2022,F,mid,107279,1
S1957,Student 957,2023,M,mid,97736,0
S1958,Student 958,2022,M,mid,82805,0
S1959,Student 959,2023,M,high,50880,0
S1960,Student 960,2024,M,low,132217,1
S1961,Student 961,2024,F,high,74472,0
S1962,Student 962,2023,M,mid,79875,0
S1963,Student 963,2022,M,mid,80855,0
S1964,Student 964,2023,F,mid,100988,1
S1965,Student 965,2024,F,high,88995,0
S1966,Student 966,2024,M,mid,65587,0
S1967,Student 967,2022,F,low,42347,0
S1968,Student 968,2023,F,mid,52599,0
S1969,Student 969,2023,M,mid,79307,0
S1970,Student 970,2023,M,low,123296,0
S1971,Student 971,2023,M,high,55958,0
S1972,Student 972,2023,F,high,105679,1
S1973,Student 973,2023,F,mid,15268,0
S1974,Student 974,2023,M,low,39110,0
S1975,Student 975,2023,M,mid,65842,0
S1976,Student 976,2024,M,mid,69084,0
S1977,Student 977,2022,F,low,68925,0
S1978,Student 978,2024,F,high,19082,0
S1979,Student 979,2024,M,low,42580,1
S1980,Student 980,2022,F,mid,60087,0
S1981,Student 981,2022,F,low,31909,0
S1982,Student 982,2022,F,low,148199,1
S1983,Student 983,2024,F,high,42493,0
S1984,Student 984,2022,F,low,19411,0
S1985,Student 985,2023,F,high,115036,0
S1986,Student 986,2023,M,mid,36254,0
S1987,Student 987,2023,M,mid,177433,0
S1988,Student 988,2024,F,mid,107482,0
S1989,Student 989,2023,M,low,26967,0
S1990,Student 990,2022,M,high,24677,0
S1991,Student 991,2023,M,mid,87563,1
S1992,Student 992,2024,F,low,53570,0
S1993,Student 993,2024,F,mid,60038,0
S1994,Student 994,2022,F,low,9858,0
S1995,Student 995,2024,M,low,58203,0
S1996,Student 996,2023,F,high,55323,0
S1997,Student 997,2023,F,high,85470,0
S1998,Student 998,2022,F,mid,73894,0
S1999,Student 999,2024,M,low,31266,0
S2000,Student 1000,2024,F,low,76755,0
S2001,Student 1001,2024,M,mid,42670,0
S2002,Student 1002,2024,M,low,103079,1
S2003,Student 1003,2024,F,low,77081,1
S2004,Student 1004,2022,F,mid,45262,0
S2005,Student 1005,2024,F,mid,53729,0
S2006,Student 1006,2024,M,mid,59111,1
S2007,Student 1007,2023,F,mid,63902,0
S2008,Student 1008,2024,F,mid,52643,0
S2009,Student 1009,2023,F,low,162400,0
S2010,Student 1010,2024,F,mid,27101,0
S2011,Student 1011,2024,F,high,81397,0
S2012,Student 1012,2022,M,low,209766,1
S2013,Student 1013,2023,M,high,42699,0
S2014,Student 1014,2024,F,mid,28227,0
S2015,Student 1015,2023,M,low,200626,1
S2016,Student 1016,2023,M,mid,47315,0
S2017,Student 1017,2022,M,mid,138609,0
S2018,Student 1018,2022,M,mid,94679,0
S2019,Student 1019,2022,F,low,89556,0
S2020,Student 1020,2023,F,mid,55227,0
S2021,Student 1021,2022,F,low,62934,1
S2022,Student 1022,2023,M,high,66776,0
S2023,Student 1023,2024,F,high,42754,0
S2024,Student 1024,2023,M,low,24644,0
S2025,Student 1025,2022,M,high,76468,0
S2026,Student 1026,2022,M,mid,33990,0
S2027,Student 1027,2024,M,low,97516,0
S2028,Student 1028,2023,F,mid,38126,0
S2029,Student 1029,2022,M,mid,173180,0
S2030,Student 1030,2023,F,high,75613,0
S2031,Student 1031,2024,F,high,37902,0
S2032,Student 1032,2024,M,high,77260,0
S2033,Student 1033,2022,M,mid,19362,0
S2034,Student 1034,2022,F,low,47420,0
S2035,Student 1035,2023,F,mid,40616,0
S2036,Student 1036,2024,M,high,57399,0
S2037,Student 1037,2023,M,mid,96633,0
S2038,Student 1038,2023,M,high,51931,0
S2039,Student 1039,2022,M,low,57026,0
S2040,Student 1040,2022,F,mid,105801,0
S2041,Student 1041,2022,M,mid,45122,0
S2042,Student 1042,2022,M,high,80997,0
S2043,Student 1043,2022,M,mid,52408,0
S2044,Student 1044,2024,F,low,58852,0
S2045,Student 1045,2023,M,high,164402,1
S2046,Student 1046,2024,F,mid,51818,0
S2047,Student 1047,2022,F,mid,49682,0
S2048,Student 1048,2024,M,mid,150159,1
S2049,Student 1049,2022,F,low,47295,0
S2050,Student 1050,2024,F,low,28727,1
S2051,Student 1051,2023,F,mid,84508,0
S2052,Student 1052,2023,F,mid,174316,0
S2053,Student 1053,2022,M,low,58754,1
S2054,Student 1054,2022,F,mid,99940,0
S2055,Student 1055,2022,M,high,55102,0
S2056,Student 1056,2022,M,mid,48272,0
S2057,Student 1057,2023,F,mid,72561,0
S2058,Student 1058,2022,F,mid,101546,0
S2059,Student 1059,2024,M,mid,62951,0
S2060,Student 1060,2022,M,high,51963,0
S2061,Student 1061,2023,F,mid,81683,1
S2062,Student 1062,2022,F,mid,45145,0
S2063,Student 1063,2024,F,low,66982,0
S2064,Student 1064,2022,M,mid,54243,0
S2065,Student 1065,2022,F,mid,76785,0
S2066,Student 1066,2022,M,high,129974,0
S2067,Student 1067,2024,M,high,36185,0
S2068,Student 1068,2023,F,low,29219,1
S2069,Student 1069,2022,F,mid,16802,0
S2070,Student 1070,2024,F,high,29425,0
S2071,Student 1071,2023,M,high,32292,1
S2072,Student 1072,2022,M,mid,91673,0
S2073,Student 1073,2024,F,mid,44377,0
S2074,Student 1074,2024,F,mid,30080,1
S2075,Student 1075,2022,M,mid,74162,1
S2076,Student 1076,2024,M,high,28206,0
S2077,Student 1077,2023,M,mid,23387,0
S2078,Student 1078,2022,M,mid,21305,0
S2079,Student 1079,2022,F,mid,116058,0
S2080,Student 1080,2023,M,high,75120,0
S2081,Student 1081,2024,M,high,100491,1
S2082,Student 1082,2024,F,mid,122108,0
S2083,Student 1083,2024,F,mid,37364,0
S2084,Student 1084,2022,M,low,31009,0
S2085,Student 1085,2024,M,mid,50404,0
S2086,Student 1086,2023,F,mid,27959,0
S2087,Student 1087,2023,M,low,70706,0
S2088,Student 1088,2024,M,mid,52493,1
S2089,Student 1089,2022,F,mid,45803,0
S2090,Student 1090,2023,F,high,46911,0
S2091,Student 1091,2022,F,low,57093,0
S2092,Student 1092,2022,F,mid,90808,0
S2093,Student 1093,2023,M,mid,52652,0
S2094,Student 1094,2023,M,mid,42356,0
S2095,Student 1095,2022,M,low,39108,1
S2096,Student 1096,2023,M,high,143215,0
S2097,Student 1097,2024,F,low,31642,0
S2098,Student 1098,2023,M,mid,65394,0
S2099,Student 1099,2022,F,low,53149,0
S2100,Student 1100,2024,F,low,213761,0
S2101,Student 1101,2024,M,mid,31917,0
S2102,Student 1102,2023,M,mid,134706,0
S2103,Student 1103,2022,F,low,38449,0
S2104,Student 1104,2023,F,high,200134,0
S2105,Student 1105,2022,F,high,51984,0
S2106,Student 1106,2022,F,mid,17151,0
S2107,Student 1107,2023,F,high,30010,1
S2108,Student 1108,2022,F,mid,90023,0
S2109,Student 1109,2024,F,low,47500,0
S2110,Student 1110,2023,M,mid,73484,0
S2111,Student 1111,2024,M,mid,33635,0
S2112,Student 1112,2023,F,low,26170,0
S2113,Student 1113,2022,M,low,79834,0
S2114,Student 1114,2023,F,low,83875,1
S2115,Student 1115,2024,M,mid,31842,1
S2116,Student 1116,2023,M,low,68210,0
S2117,Student 1117,2024,F,low,22306,0
S2118,Student 1118,2022,M,mid,98641,0
S2119,Student 1119,2023,M,mid,32869,1
S2120,Student 1120,2023,M,low,51798,0
S2121,Student 1121,2023,F,high,60239,0
S2122,Student 1122,2022,M,mid,30974,0
S2123,Student 1123,2023,F,high,109971,0
S2124,Student 1124,2023,F,mid,121030,0
S2125,Student 1125,2023,M,high,47784,0
S2126,Student 1126,2022,M,mid,108363,0
S2127,Student 1127,2024,M,mid,66505,0
S2128,Student 1128,2024,F,high,28645,0
S2129,Student 1129,2023,F,mid,39895,0
S2130,Student 1130,2023,M,mid,74778,0
S2131,Student 1131,2022,M,mid,136407,0
S2132,Student 1132,2023,M,mid,72070,0
S2133,Student 1133,2024,M,low,96789,0
S2134,Student 1134,2024,M,mid,57224,0
S2135,Student 1135,2024,M,mid,51396,0
S2136,Student 1136,2024,M,mid,72887,0
S2137,Student 1137,2024,F,low,25941,0
S2138,Student 1138,2022,M,low,24809,0
S2139,Student 1139,2024,F,high,84616,0
S2140,Student 1140,2024,F,mid,154238,0
S2141,Student 1141,2023,F,mid,36765,1
S2142,Student 1142,2024,M,mid,28075,0
S2143,Student 1143,2024,F,high,133676,0
S2144,Student 1144,2023,M,mid,88462,0
S2145,Student 1145,2023,F,mid,58208,1
S2146,Student 1146,2023,M,high,28143,1
S2147,Student 1147,2023,F,mid,120305,0
S2148,Student 1148,2024,F,low,118170,0
S2149,Student 1149,2024,F,high,76519,0
S2150,Student 1150,2024,F,high,55857,0
S2151,Student 1151,2022,F,high,56207,0
S2152,Student 1152,2022,M,mid,96438,1
S2153,Student 1153,2022,M,mid,40547,0
S2154,Student 1154,2022,F,mid,82160,0
S2155,Student 1155,2023,M,mid,109537,0
S2156,Student 1156,2023,F,low,93125,0
S2157,Student 1157,2022,F,low,33033,0
S2158,Student 1158,2024,F,high,21306,0
S2159,Student 1159,2024,F,low,214728,0
S2160,Student 1160,2024,F,low,39784,1
S2161,Student 1161,2023,M,low,144496,0
S2162,Student 1162,2023,M,mid,25552,0
S2163,Student 1163,2024,F,high,71830,0
S2164,Student 1164,2023,F,mid,33782,0
S2165,Student 1165,2022,F,low,35962,0
S2166,Student 1166,2024,M,high,101968,1
S2167,Student 1167,2024,M,mid,41433,0
S2168,Student 1168,2022,F,low,58288,0
S2169,Student 1169,2024,F,mid,34151,0
S2170,Student 1170,2024,F,mid,134513,0
S2171,Student 1171,2022,M,high,22697,0
S2172,Student 1172,2023,M,high,100121,1
S2173,Student 1173,2023,M,mid,49170,0
S2174,Student 1174,2024,M,mid,104019,1
S2175,Student 1175,2024,F,mid,91729,0
S2176,Student 1176,2023,M,mid,50095,0
S2177,Student 1177,2024,M,low,69059,0
S2178,Student 1178,2022,F,high,141706,0
S2179,Student 1179,2024,F,mid,109090,0
S2180,Student 1180,2023,M,high,182212,0
S2181,Student 1181,2024,M,high,45644,0
S2182,Student 1182,2024,M,mid,101264,0
S2183,Student 1183,2023,F,mid,57589,0
S2184,Student 1184,2022,F,high,142189,0
S2185,Student 1185,2023,M,mid,38427,0
S2186,Student 1186,2024,M,low,66061,0
S2187,Student 1187,2024,M,high,125879,1
S2188,Student 1188,2022,F,mid,132956,0
S2189,Student 1189,2024,M,mid,56681,1
S2190,Student 1190,2022,F,mid,60929,0
S2191,Student 1191,2022,F,mid,83761,0
S2192,Student 1192,2023,M,mid,45201,0
S2193,Student 1193,2023,M,low,25356,1
S2194,Student 1194,2023,F,mid,117979,1
S2195,Student 1195,2024,M,low,76165,0
S2196,Student 1196,2023,M,mid,32603,0
S2197,Student 1197,2023,M,high,87293,0
S2198,Student 1198,2023,F,high,49987,0
S2199,Student 1199,2022,F,high,67313,0
S2200,Student 1200,2023,F,high,93157,1
S2201,Student 1201,2024,F,mid,119894,0
S2202,Student 1202,2022,F,high,46099,1
S2203,Student 1203,2023,F,high,103959,0
S2204,Student 1204,2024,M,mid,129263,1
S2205,Student 1205,2023,M,high,55510,0
S2206,Student 1206,2024,M,low,110842,0
S2207,Student 1207,2024,F,mid,73286,0
S2208,Student 1208,2024,M,high,51656,0
S2209,Student 1209,2022,F,mid,131226,1
S2210,Student 1210,2023,F,high,27998,0
S2211,Student 1211,2023,F,mid,48973,0
S2212,Student 1212,2023,M,high,86816,0
S2213,Student 1213,2024,F,mid,65447,0
S2214,Student 1214,2023,F,mid,62744,0
S2215,Student 1215,2022,M,mid,27088,0
S2216,Student 1216,2023,F,high,73564,0
S2217,Student 1217,2023,F,low,30137,0
S2218,Student 1218,2024,M,low,34055,0
S2219,Student 1219,2022,M,low,49525,0
S2220,Student 1220,2023,F,mid,77053,1
S2221,Student 1221,2024,M,high,139962,0
S2222,Student 1222,2024,M,mid,128235,0
S2223,Student 1223,2023,F,mid,77436,0
S2224,Student 1224,2023,F,low,16573,0
S2225,Student 1225,2022,F,high,35545,0
S2226,Student 1226,2022,F,low,19960,0
S2227,Student 1227,2023,M,mid,23883,0
S2228,Student 1228,2022,M,high,204721,0
S2229,Student 1229,2022,F,mid,157514,0
S2230,Student 1230,2022,M,mid,32902,0
S2231,Student 1231,2023,F,mid,39671,1
S2232,Student 1232,2023,M,high,37378,0
S2233,Student 1233,2024,F,low,35143,0
S2234,Student 1234,2023,F,low,51108,0
S2235,Student 1235,2023,F,mid,22377,1
S2236,Student 1236,2022,F,high,39712,1
S2237,Student 1237,2023,F,low,35098,0
S2238,Student 1238,2023,F,high,22711,1
S2239,Student 1239,2024,M,mid,94409,0
S2240,Student 1240,2023,M,low,57739,0
S2241,Student 1241,2023,F,mid,78815,0
S2242,Student 1242,2023,M,mid,33337,0
S2243,Student 1243,2023,M,low,60747,0
S2244,Student 1244,2024,M,low,104872,0
S2245,Student 1245,2023,M,mid,36723,0
S2246,Student 1246,2023,M,mid,52734,0
S2247,Student 1247,2022,M,mid,70297,0
S2248,Student 1248,2023,M,mid,236517,0
S2249,Student 1249,2022,M,mid,51764,0
S2250,Student 1250,2024,F,high,75749,0
S2251,Student 1251,2024,M,high,84000,0
S2252,Student 1252,2023,M,high,146154,0
S2253,Student 1253,2024,M,mid,88799,0
S2254,Student 1254,2024,F,mid,53800,1
S2255,Student 1255,2024,M,mid,74583,0
S2256,Student 1256,2023,M,high,51816,1
S2257,Student 1257,2023,F,mid,56981,1
S2258,Student 1258,2022,F,mid,17732,0
S2259,Student 1259,2024,M,high,27611,1
S2260,Student 1260,2023,F,mid,47735,1
S2261,Student 1261,2022,M,mid,139408,0
S2262,Student 1262,2024,M,high,54133,0
S2263,Student 1263,2024,M,low,77112,0
S2264,Student 1264,2022,F,mid,88776,0
S2265,Student 1265,2024,M,mid,62287,0
S2266,Student 1266,2023,M,mid,113820,0
S2267,Student 1267,2022,M,mid,169980,0
S2268,Student 1268,2024,M,mid,59318,0
S2269,Student 1269,2024,M,low,32807,0
S2270,Student 1270,2022,F,low,20676,1
S2271,Student 1271,2023,F,mid,88907,0
S2272,Student 1272,2024,F,high,62569,0
S2273,Student 1273,2022,M,low,139607,0
S2274,Student 1274,2023,M,mid,26178,1
S2275,Student 1275,2023,M,low,346330,0
S2276,Student 1276,2023,F,mid,138110,0
S2277,Student 1277,2024,F,mid,63402,1
S2278,Student 1278,2023,M,high,49382,0
S2279,Student 1279,2022,F,mid,81876,1
S2280,Student 1280,2024,M,mid,157079,0
S2281,Student 1281,2023,M,high,20303,0
S2282,Student 1282,2023,F,mid,62471,1
S2283,Student 1283,2024,F,mid,19685,0
S2284,Student 1284,2023,M,mid,62475,0
S2285,Student 1285,2024,F,low,52589,0
S2286,Student 1286,2024,F,mid,48453,0
S2287,Student 1287,2022,F,mid,91334,0
S2288,Student 1288,2023,M,high,48853,0
S2289,Student 1289,2024,F,high,58650,0
S2290,Student 1290,2024,M,low,59385,0
S2291,Student 1291,2023,F,high,56443,0
S2292,Student 1292,2023,M,mid,113690,0
S2293,Student 1293,2023,F,low,52035,0
S2294,Student 1294,2022,M,mid,16170,0
S2295,Student 1295,2022,M,mid,67999,1
S2296,Student 1296,2024,F,low,98556,1
S2297,Student 1297,2022,M,low,55824,1
S2298,Student 1298,2023,F,mid,36568,1
S2299,Student 1299,2022,M,high,36646,0
S2300,Student 1300,2023,M,high,150099,0
S2301,Student 1301,2022,F,high,49222,0
S2302,Student 1302,2022,F,mid,63588,1
S2303,Student 1303,2023,F,mid,34088,0
S2304,Student 1304,2022,M,high,63142,0
S2305,Student 1305,2022,F,high,225456,0
S2306,Student 1306,2022,F,high,199493,0
S2307,Student 1307,2023,F,low,62880,0
S2308,Student 1308,2024,M,high,71375,0
S2309,Student 1309,2023,M,mid,56160,0
S2310,Student 1310,2024,M,high,55566,0
S2311,Student 1311,2024,M,mid,112634,1
S2312,Student 1312,2023,F,mid,34833,0
S2313,Student 1313,2022,F,mid,59893,0
S2314,Student 1314,2022,M,mid,49275,0
S2315,Student 1315,2024,F,mid,111145,0
S2316,Student 1316,2024,M,mid,155776,0
S2317,Student 1317,2023,M,mid,36025,0
S2318,Student 1318,2022,F,mid,42540,0
S2319,Student 1319,2022,F,mid,122482,0
S2320,Student 1320,2023,M,mid,123192,0
S2321,Student 1321,2024,M,mid,43474,0
S2322,Student 1322,2024,M,mid,62876,1
S2323,Student 1323,2022,F,low,23166,0
S2324,Student 1324,2022,M,mid,85812,0
S2325,Student 1325,2023,F,low,38608,0
S2326,Student 1326,2024,M,mid,68367,1
S2327,Student 1327,2023,F,high,36457,0
S2328,Student 1328,2022,F,mid,31358,0
S2329,Student 1329,2023,M,mid,88559,0
S2330,Student 1330,2022,F,low,252552,0
S2331,Student 1331,2024,M,low,56884,0
S2332,Student 1332,2024,M,high,55976,0
S2333,Student 1333,2024,M,mid,130022,0
S2334,Student 1334,2023,F,high,40491,0
S2335,Student 1335,2022,F,mid,162165,0
S2336,Student 1336,2024,M,high,49347,0
S2337,Student 1337,2024,M,mid,24802,0
S2338,Student 1338,2022,F,mid,88068,0
S2339,Student 1339,2024,F,mid,124882,1
S2340,Student 1340,2022,M,mid,55666,0
S2341,Student 1341,2023,M,high,176940,0
S2342,Student 1342,2024,M,mid,40393,0
S2343,Student 1343,2022,F,mid,83727,1
S2344,Student 1344,2022,F,mid,49915,0
S2345,Student 1345,2022,F,high,39108,0
S2346,Student 1346,2022,F,low,70478,0
S2347,Student 1347,2022,M,low,99993,0
S2348,Student 1348,2022,M,mid,52311,1
S2349,Student 1349,2022,M,mid,52597,0
S2350,Student 1350,2024,F,high,268893,1
S2351,Student 1351,2024,F,high,67202,0
S2352,Student 1352,2024,F,mid,23834,0
S2353,Student 1353,2024,M,low,138915,0
S2354,Student 1354,2024,F,low,48338,0
S2355,Student 1355,2023,F,mid,23809,0
S2356,Student 1356,2022,M,low,39611,0
S2357,Student 1357,2022,M,high,65979,1
S2358,Student 1358,2023,M,high,48382,0
S2359,Student 1359,2023,M,high,106752,0
S2360,Student 1360,2024,F,mid,67958,1
S2361,Student 1361,2022,F,mid,59018,1
S2362,Student 1362,2024,F,mid,26276,0
S2363,Student 1363,2023,F,mid,35794,1
S2364,Student 1364,2023,F,mid,63572,0
S2365,Student 1365,2024,F,high,129198,0
S2366,Student 1366,2022,F,low,214708,0
S2367,Student 1367,2024,M,high,47403,0
S2368,Student 1368,2024,F,mid,161062,0
S2369,Student 1369,2024,M,low,113445,1
S2370,Student 1370,2022,F,low,52387,0
S2371,Student 1371,2022,M,mid,44583,0
S2372,Student 1372,2023,M,low,79555,0
S2373,Student 1373,2024,M,mid,159623,1
S2374,Student 1374,2022,M,low,42855,0
S2375,Student 1375,2022,F,mid,27858,0
S2376,Student 1376,2024,F,mid,117080,0
S2377,Student 1377,2024,F,high,118197,0
S2378,Student 1378,2024,F,high,32330,0
S2379,Student 1379,2023,F,high,85666,0
S2380,Student 1380,2024,F,low,173794,1
S2381,Student 1381,2024,M,low,52859,0
S2382,Student 1382,2024,F,low,43758,0
S2383,Student 1383,2024,M,low,57572,0
S2384,Student 1384,2023,M,low,31706,0
S2385,Student 1385,2023,M,high,49356,0
S2386,Student 1386,2023,M,mid,63087,0
S2387,Student 1387,2024,F,mid,125129,0
S2388,Student 1388,2022,F,high,74265,0
S2389,Student 1389,2024,M,mid,99320,0
S2390,Student 1390,2023,M,mid,62834,0
S2391,Student 1391,2022,F,low,70593,0
S2392,Student 1392,2024,M,mid,48970,0
S2393,Student 1393,2022,F,mid,54776,0
S2394,Student 1394,2024,M,mid,341955,0
S2395,Student 1395,2024,F,high,64125,1
S2396,Student 1396,2022,F,mid,48403,1
S2397,Student 1397,2023,F,high,30108,0
S2398,Student 1398,2023,F,low,48812,0
S2399,Student 1399,2022,M,high,95332,0
S2400,Student 1400,2024,M,high,27796,0
S2401,Student 1401,2024,F,mid,85729,0
S2402,Student 1402,2022,F,low,44889,0
S2403,Student 1403,2023,M,high,14418,0
S2404,Student 1404,2024,M,low,29829,0
S2405,Student 1405,2023,F,low,39097,1
S2406,Student 1406,2023,F,mid,105516,0
S2407,Student 1407,2024,F,mid,57467,1
S2408,Student 1408,2022,M,high,84911,0
S2409,Student 1409,2022,M,high,46605,0
S2410,Student 1410,2024,F,mid,114201,0
S2411,Student 1411,2024,M,high,25858,1
S2412,Student 1412,2022,F,mid,133723,0
S2413,Student 1413,2024,M,low,19124,0
S2414,Student 1414,2023,M,high,39198,0
S2415,Student 1415,2022,F,high,59902,0
S2416,Student 1416,2024,F,mid,92892,0
S2417,Student 1417,2024,F,high,17965,0
S2418,Student 1418,2023,F,high,27137,1
S2419,Student 1419,2024,F,mid,49536,0
S2420,Student 1420,2023,M,high,130872,0
S2421,Student 1421,2024,F,mid,140968,1
S2422,Student 1422,2023,F,mid,44306,0
S2423,Student 1423,2024,M,high,37387,1
S2424,Student 1424,2023,M,mid,136440,1
S2425,Student 1425,2024,M,mid,138691,0
S2426,Student 1426,2023,M,mid,32901,0
S2427,Student 1427,2024,M,low,136793,0
S2428,Student 1428,2023,M,high,72196,0
S2429,Student 1429,2023,M,mid,213767,0
S2430,Student 1430,2022,M,mid,44631,0
S2431,Student 1431,2023,F,high,71745,0
S2432,Student 1432,2024,M,mid,72580,0
S2433,Student 1433,2022,M,mid,43466,0
S2434,Student 1434,2023,F,high,39324,0
S2435,Student 1435,2023,F,mid,42038,0
S2436,Student 1436,2024,M,low,40954,0
S2437,Student 1437,2022,F,low,26206,1
S2438,Student 1438,2023,M,low,111346,0
S2439,Student 1439,2024,M,low,26528,0
S2440,Student 1440,2024,M,mid,20770,1
S2441,Student 1441,2022,M,mid,73544,0
S2442,Student 1442,2024,M,low,45036,0
S2443,Student 1443,2022,F,low,47326,0
S2444,Student 1444,2023,M,mid,55381,0
S2445,Student 1445,2022,F,low,69469,0
S2446,Student 1446,2023,F,mid,147997,0
S2447,Student 1447,2022,M,low,21134,0
S2448,Student 1448,2023,M,mid,49892,0
S2449,Student 1449,2023,M,mid,55905,0
S2450,Student 1450,2022,F,mid,144655,0
S2451,Student 1451,2023,M,low,125899,0
S2452,Student 1452,2023,F,mid,35026,0
S2453,Student 1453,2023,M,mid,34873,0
S2454,Student 1454,2023,F,low,51535,0
S2455,Student 1455,2024,M,mid,86912,0
S2456,Student 1456,2024,M,high,51971,0
S2457,Student 1457,2024,M,mid,28550,0
S2458,Student 1458,2023,F,high,22024,0
S2459,Student 1459,2024,M,mid,12653,1
S2460,Student 1460,2023,F,mid,124125,0
S2461,Student 1461,2024,F,mid,29102,0
S2462,Student 1462,2022,F,mid,88354,0
S2463,Student 1463,2023,F,high,103370,1
S2464,Student 1464,2023,F,mid,66910,0
S2465,Student 1465,2023,M,mid,26915,0
S2466,Student 1466,2022,M,low,31546,0
S2467,Student 1467,2024,F,mid,93480,0
S2468,Student 1468,2023,F,mid,46454,0
S2469,Student 1469,2023,F,mid,100772,0
S2470,Student 1470,2024,M,mid,30053,0
S2471,Student 1471,2023,M,low,47329,0
S2472,Student 1472,2024,M,mid,77911,0
S2473,Student 1473,2024,M,mid,41498,0
S2474,Student 1474,2024,M,mid,85123,0
S2475,Student 1475,2022,M,high,39179,0
S2476,Student 1476,2022,F,high,17718,0
S2477,Student 1477,2024,F,low,108965,1
S2478,Student 1478,2023,F,high,76515,1
S2479,Student 1479,2024,M,mid,157455,0
S2480,Student 1480,2024,M,mid,26557,0
S2481,Student 1481,2022,M,low,22196,0
S2482,Student 1482,2022,M,mid,26057,0
S2483,Student 1483,2024,F,mid,84179,0
S2484,Student 1484,2022,M,mid,63673,0
S2485,Student 1485,2023,F,mid,60757,0
S2486,Student 1486,2024,F,low,184138,1
S2487,Student 1487,2024,F,mid,54057,1
S2488,Student 1488,2022,M,high,42724,0
S2489,Student 1489,2024,M,mid,42764,0
S2490,Student 1490,2024,M,high,113447,0
S2491,Student 1491,2023,M,mid,40876,0
S2492,Student 1492,2022,M,high,132067,0
S2493,Student 1493,2024,F,low,24766,0
S2494,Student 1494,2023,F,low,69604,0
S2495,Student 1495,2024,F,low,86039,1
S2496,Student 1496,2023,F,high,293634,0
S2497,Student 1497,2023,M,mid,86352,0
S2498,Student 1498,2022,M,low,101715,1
S2499,Student 1499,2023,F,mid,118313,1
S2500,Student 1500,2022,M,mid,38826,0
S2501,Student 1501,2022,F,mid,56578,0
S2502,Student 1502,2023,F,high,40318,0
S2503,Student 1503,2022,M,low,49676,0
S2504,Student 1504,2022,M,high,75047,0
S2505,Student 1505,2024,F,mid,45731,0
S2506,Student 1506,2023,F,high,68125,0
S2507,Student 1507,2022,F,low,30845,1
S2508,Student 1508,2022,M,mid,37668,0
S2509,Student 1509,2024,M,low,41040,0
S2510,Student 1510,2024,F,mid,55403,0
S2511,Student 1511,2023,M,high,63308,0
S2512,Student 1512,2022,F,mid,92450,0
S2513,Student 1513,2023,M,mid,77250,0
S2514,Student 1514,2024,M,high,19273,1
S2515,Student 1515,2024,F,low,52755,0
S2516,Student 1516,2024,M,mid,68799,0
S2517,Student 1517,2022,M,high,49997,0
S2518,Student 1518,2022,M,low,79015,0
S2519,Student 1519,2024,F,low,64725,0
S2520,Student 1520,2024,M,mid,110472,1
S2521,Student 1521,2022,M,low,56022,0
S2522,Student 1522,2023,F,high,78796,0
S2523,Student 1523,2024,F,mid,36815,0
S2524,Student 1524,2023,M,mid,145249,0
S2525,Student 1525,2024,M,mid,23661,0
S2526,Student 1526,2023,M,mid,105736,0
S2527,Student 1527,2024,F,low,63524,0
S2528,Student 1528,2024,M,mid,62743,1
S2529,Student 1529,2023,M,mid,60001,1
S2530,Student 1530,2023,M,mid,68878,1
S2531,Student 1531,2022,M,mid,41173,0
S2532,Student 1532,2023,M,mid,19866,0
S2533,Student 1533,2023,F,low,131643,1
S2534,Student 1534,2024,M,high,20631,0
S2535,Student 1535,2022,M,low,258251,0
S2536,Student 1536,2024,M,mid,49424,0
S2537,Student 1537,2023,F,mid,59129,0
S2538,Student 1538,2024,M,mid,55974,0
S2539,Student 1539,2024,F,mid,94988,0
S2540,Student 1540,2022,F,mid,17910,0
S2541,Student 1541,2023,M,low,21886,1
S2542,Student 1542,2023,M,mid,90370,0
S2543,Student 1543,2023,F,low,130843,1
S2544,Student 1544,2024,F,mid,44636,0
S2545,Student 1545,2022,M,high,51226,0
S2546,Student 1546,2022,M,mid,73552,0
S2547,Student 1547,2022,M,mid,53024,0
S2548,Student 1548,2023,F,mid,84102,0
S2549,Student 1549,2024,M,high,22085,0
S2550,Student 1550,2022,F,mid,73100,0
S2551,Student 1551,2022,M,mid,127282,0
S2552,Student 1552,2022,F,mid,22612,0
S2553,Student 1553,2023,F,high,47083,1
S2554,Student 1554,2022,F,mid,83536,0
S2555,Student 1555,2024,F,high,32310,0
S2556,Student 1556,2022,F,mid,61044,1
S2557,Student 1557,2022,M,high,79765,0
S2558,Student 1558,2022,M,high,91691,0
S2559,Student 1559,2023,M,low,29993,0
S2560,Student 1560,2022,F,mid,197488,0
S2561,Student 1561,2022,F,low,40357,0
S2562,Student 1562,2023,F,mid,146368,0
S2563,Student 1563,2023,F,low,124372,0
S2564,Student 1564,2024,F,low,94919,0
S2565,Student 1565,2024,M,mid,48373,0
S2566,Student 1566,2022,F,high,50088,0
S2567,Student 1567,2024,M,mid,68336,0
S2568,Student 1568,2023,F,mid,40375,0
S2569,Student 1569,2022,F,low,39505,0
S2570,Student 1570,2024,F,mid,37355,0
S2571,Student 1571,2024,M,mid,159383,0
S2572,Student 1572,2024,F,low,249948,0
S2573,Student 1573,2022,M,mid,28987,0
S2574,Student 1574,2023,M,mid,31806,0
S2575,Student 1575,2023,F,low,11437,0
S2576,Student 1576,2022,M,high,150532,1
S2577,Student 1577,2023,F,high,66349,0
S2578,Student 1578,2024,F,low,55805,0
S2579,Student 1579,2022,M,high,57890,1
S2580,Student 1580,2022,M,mid,29183,0
S2581,Student 1581,2023,M,mid,38717,1
S2582,Student 1582,2022,F,low,48544,1
S2583,Student 1583,2024,F,low,28771,0
S2584,Student 1584,2023,M,high,28824,1
S2585,Student 1585,2024,F,high,66552,0
S2586,Student 1586,2024,F,high,16018,0
S2587,Student 1587,2022,F,low,283254,0
S2588,Student 1588,2023,F,low,44453,0
S2589,Student 1589,2024,F,low,43747,0
S2590,Student 1590,2023,F,mid,20088,0
S2591,Student 1591,2022,M,high,21169,1
S2592,Student 1592,2024,F,mid,27861,0
S2593,Student 1593,2023,F,low,46085,0
S2594,Student 1594,2022,M,low,73904,0
S2595,Student 1595,2023,F,low,121621,0
S2596,Student 1596,2024,F,low,145204,0
S2597,Student 1597,2022,F,mid,84535,0
S2598,Student 1598,2022,M,mid,58337,0
S2599,Student 1599,2024,M,low,167408,0
S2600,Student 1600,2022,F,low,69243,0
S2601,Student 1601,2024,M,mid,32419,0
S2602,Student 1602,2022,F,mid,120144,0
S2603,Student 1603,2023,F,low,32471,0
S2604,Student 1604,2022,F,high,47650,1
S2605,Student 1605,2024,F,high,46291,0
S2606,Student 1606,2023,M,high,44930,0
S2607,Student 1607,2024,M,high,85868,0
S2608,Student 1608,2024,M,mid,65046,0
S2609,Student 1609,2023,M,high,81432,0
S2610,Student 1610,2023,M,mid,73302,0
S2611,Student 1611,2023,M,low,65079,0
S2612,Student 1612,2022,F,low,101482,1
S2613,Student 1613,2022,F,high,75535,0
S2614,Student 1614,2024,F,high,285787,0
S2615,Student 1615,2022,F,mid,54148,0
S2616,Student 1616,2023,F,mid,21619,1
S2617,Student 1617,2023,F,high,58898,0
S2618,Student 1618,2023,F,mid,44696,0
S2619,Student 1619,2024,M,mid,99412,0
S2620,Student 1620,2024,F,mid,33871,0
S2621,Student 1621,2024,F,mid,42446,0
S2622,Student 1622,2023,M,high,27197,0
S2623,Student 1623,2022,M,high,60857,0
S2624,Student 1624,2022,F,mid,62164,1
S2625,Student 1625,2022,F,low,264958,1
S2626,Student 1626,2024,M,mid,90070,0
S2627,Student 1627,2024,M,mid,70521,0
S2628,Student 1628,2022,M,low,28790,0
S2629,Student 1629,2022,M,high,33366,0
S2630,Student 1630,2024,F,mid,134665,0
S2631,Student 1631,2023,F,mid,58424,0
S2632,Student 1632,2023,F,mid,42649,0
S2633,Student 1633,2023,M,mid,13869,0
S2634,Student 1634,2022,F,mid,96134,0
S2635,Student 1635,2024,M,mid,160943,0
S2636,Student 1636,2024,M,high,62155,0
S2637,Student 1637,2024,F,mid,146518,0
S2638,Student 1638,2024,F,mid,61399,1
S2639,Student 1639,2024,F,mid,66645,0
S2640,Student 1640,2023,M,low,11645,1
S2641,Student 1641,2023,F,low,49713,0
S2642,Student 1642,2023,M,low,48467,1
S2643,Student 1643,2023,F,mid,10732,0
S2644,Student 1644,2022,M,mid,21010,0
S2645,Student 1645,2023,M,mid,51076,0
S2646,Student 1646,2022,M,low,57637,0
S2647,Student 1647,2024,M,mid,58920,1
S2648,Student 1648,2022,M,mid,101307,1
S2649,Student 1649,2022,M,high,57107,0
S2650,Student 1650,2024,F,mid,44585,1
S2651,Student 1651,2022,F,mid,131771,0
S2652,Student 1652,2024,F,low,64866,0
S2653,Student 1653,2023,F,mid,63329,0
S2654,Student 1654,2023,M,mid,105232,0
S2655,Student 1655,2024,F,mid,82396,0
S2656,Student 1656,2024,M,high,99227,1
S2657,Student 1657,2022,M,mid,82952,0
S2658,Student 1658,2023,M,mid,65340,0
S2659,Student 1659,2023,M,low,116972,0
S2660,Student 1660,2022,F,high,50432,0
S2661,Student 1661,2022,M,high,42258,0
S2662,Student 1662,2023,F,high,53771,0
S2663,Student 1663,2023,F,high,56291,1
S2664,Student 1664,2023,F,low,51151,0
S2665,Student 1665,2024,F,mid,33696,0
S2666,Student 1666,2024,M,mid,64363,0
S2667,Student 1667,2022,M,low,91020,1
S2668,Student 1668,2022,F,low,85256,1
S2669,Student 1669,2024,F,low,91804,0
S2670,Student 1670,2022,F,high,110131,1
S2671,Student 1671,2024,M,low,115518,0
S2672,Student 1672,2022,F,low,19006,0
S2673,Student 1673,2023,M,high,93475,0
S2674,Student 1674,2022,F,mid,35960,0
S2675,Student 1675,2022,M,high,81902,1
S2676,Student 1676,2024,M,high,65545,0
S2677,Student 1677,2024,M,low,35354,0
S2678,Student 1678,2023,M,mid,109157,0
S2679,Student 1679,2023,F,mid,94755,0
S2680,Student 1680,2024,F,high,64082,0
S2681,Student 1681,2023,F,high,46367,0
S2682,Student 1682,2022,M,high,97789,1
S2683,Student 1683,2022,F,mid,121463,0
S2684,Student 1684,2023,M,high,48430,0
S2685,Student 1685,2024,M,low,62198,0
S2686,Student 1686,2022,F,high,39757,0
S2687,Student 1687,2022,M,low,35176,0
S2688,Student 1688,2023,F,mid,54063,0
S2689,Student 1689,2024,M,mid,68679,0
S2690,Student 1690,2024,F,low,108324,0
S2691,Student 1691,2023,F,high,41913,0
S2692,Student 1692,2023,M,mid,82404,0
S2693,Student 1693,2023,M,mid,37048,0
S2694,Student 1694,2024,M,low,104582,0
S2695,Student 1695,2023,M,mid,104458,0
S2696,Student 1696,2024,M,mid,116701,0
S2697,Student 1697,2022,M,mid,73005,0
S2698,Student 1698,2023,F,low,26537,0
S2699,Student 1699,2022,M,mid,242026,0
S2700,Student 1700,2022,F,mid,74979,0
S2701,Student 1701,2023,F,high,60311,0
S2702,Student 1702,2024,M,mid,229414,0
S2703,Student 1703,2024,M,mid,25360,0
S2704,Student 1704,2024,F,low,57870,0
S2705,Student 1705,2022,M,mid,36539,0
S2706,Student 1706,2024,M,low,71975,0
S2707,Student 1707,2024,M,low,166219,0
S2708,Student 1708,2024,F,low,73815,1
S2709,Student 1709,2024,F,mid,62883,0
S2710,Student 1710,2023,M,low,123827,1
S2711,Student 1711,2023,M,mid,77954,0
S2712,Student 1712,2024,M,high,37385,0
S2713,Student 1713,2024,M,low,108894,0
S2714,Student 1714,2024,M,high,71017,0
S2715,Student 1715,2024,F,high,48046,0
S2716,Student 1716,2022,M,mid,29508,0
S2717,Student 1717,2024,M,high,176345,1
S2718,Student 1718,2022,F,mid,91405,1
S2719,Student 1719,2024,F,mid,81527,0
S2720,Student 1720,2023,M,mid,88079,0
S2721,Student 1721,2023,F,low,57940,0
S2722,Student 1722,2022,M,mid,56953,0
S2723,Student 1723,2024,F,low,34695,0
S2724,Student 1724,2022,M,mid,38469,0
S2725,Student 1725,2024,F,mid,155196,0
S2726,Student 1726,2023,M,high,27674,0
S2727,Student 1727,2024,M,mid,22185,0
S2728,Student 1728,2023,F,mid,124915,0
S2729,Student 1729,2024,F,low,15942,0
S2730,Student 1730,2023,F,mid,49388,0
S2731,Student 1731,2024,M,low,47001,0
S2732,Student 1732,2023,F,mid,68721,0
S2733,Student 1733,2023,F,mid,64936,1
S2734,Student 1734,2022,F,mid,38246,1
S2735,Student 1735,2022,F,mid,52245,0
S2736,Student 1736,2024,F,mid,50569,0
S2737,Student 1737,2022,F,high,50051,0
S2738,Student 1738,2023,F,mid,64845,1
S2739,Student 1739,2023,M,mid,36435,1
S2740,Student 1740,2024,M,low,47899,0
S2741,Student 1741,2024,F,low,49783,0
S2742,Student 1742,2024,F,mid,148005,0
S2743,Student 1743,2024,M,high,143570,0
S2744,Student 1744,2023,M,mid,140382,0
S2745,Student 1745,2024,M,low,23007,1
S2746,Student 1746,2024,M,mid,110224,0
S2747,Student 1747,2022,M,high,21972,0
S2748,Student 1748,2023,F,high,54743,1
S2749,Student 1749,2024,F,mid,49999,0
S2750,Student 1750,2024,M,high,161452,0
S2751,Student 1751,2023,F,mid,60906,0
S2752,Student 1752,2024,M,mid,118467,0
S2753,Student 1753,2023,F,mid,99608,0
S2754,Student 1754,2022,M,low,32039,0
S2755,Student 1755,2022,F,mid,64304,1
S2756,Student 1756,2023,F,mid,26995,0
S2757,Student 1757,2022,F,mid,17539,1
S2758,Student 1758,2022,F,mid,126695,0
S2759,Student 1759,2022,M,mid,25550,0
S2760,Student 1760,2022,M,low,33904,0
S2761,Student 1761,2024,M,mid,74121,0
S2762,Student 1762,2023,M,mid,33120,0
S2763,Student 1763,2022,M,mid,105513,0
S2764,Student 1764,2022,M,mid,75514,1
S2765,Student 1765,2024,F,mid,28615,0
S2766,Student 1766,2022,F,mid,186009,1
S2767,Student 1767,2023,M,high,71177,1
S2768,Student 1768,2022,M,mid,56273,1
S2769,Student 1769,2022,F,mid,65044,0
S2770,Student 1770,2024,M,mid,21199,0
S2771,Student 1771,2023,F,mid,145551,0
S2772,Student 1772,2022,F,high,15654,0
S2773,Student 1773,2022,M,mid,40824,1
S2774,Student 1774,2022,F,low,19789,0
S2775,Student 1775,2023,F,mid,65641,0
S2776,Student 1776,2022,M,mid,43883,0
S2777,Student 1777,2024,M,high,133897,1
S2778,Student 1778,2024,F,high,17188,1
S2779,Student 1779,2022,M,low,51390,0
S2780,Student 1780,2022,F,mid,54524,0
S2781,Student 1781,2024,M,mid,31514,1
S2782,Student 1782,2024,M,mid,60711,1
S2783,Student 1783,2022,F,mid,45103,1
S2784,Student 1784,2022,M,low,73868,0
S2785,Student 1785,2023,F,low,22394,0
S2786,Student 1786,2023,M,low,42157,0
S2787,Student 1787,2023,M,high,70709,0
S2788,Student 1788,2024,F,mid,99778,0
S2789,Student 1789,2022,M,mid,79983,1
S2790,Student 1790,2024,M,low,66374,0
S2791,Student 1791,2022,M,low,63301,0
S2792,Student 1792,2023,M,mid,148054,1
S2793,Student 1793,2022,M,low,157312,0
S2794,Student 1794,2022,M,mid,21542,0
S2795,Student 1795,2024,F,mid,65389,0
S2796,Student 1796,2022,M,mid,47528,0
S2797,Student 1797,2024,F,low,70488,0
S2798,Student 1798,2022,M,mid,24616,0
S2799,Student 1799,2023,F,high,74917,0
S2800,Student 1800,2022,F,mid,80165,0
S2801,Student 1801,2023,M,high,33703,0
S2802,Student 1802,2022,M,mid,16262,0
S2803,Student 1803,2022,M,low,100160,0
S2804,Student 1804,2023,M,mid,45935,0
S2805,Student 1805,2024,M,high,59747,0
S2806,Student 1806,2023,F,low,33666,0
S2807,Student 1807,2022,M,low,89146,1
S2808,Student 1808,2022,M,low,61236,0
S2809,Student 1809,2022,F,mid,45902,0
S2810,Student 1810,2022,F,low,38564,0
S2811,Student 1811,2024,M,high,284971,1
S2812,Student 1812,2022,M,high,120094,0
S2813,Student 1813,2024,M,high,34972,0
S2814,Student 1814,2023,F,mid,47965,0
S2815,Student 1815,2023,F,low,130577,0
S2816,Student 1816,2023,M,high,58481,0
S2817,Student 1817,2022,F,low,72743,0
S2818,Student 1818,2024,M,mid,68021,0
S2819,Student 1819,2022,F,mid,72266,0
S2820,Student 1820,2022,M,mid,30316,0
S2821,Student 1821,2023,M,low,48381,1
S2822,Student 1822,2022,M,mid,151029,1
S2823,Student 1823,2024,F,mid,48530,0
S2824,Student 1824,2024,F,high,66599,0
S2825,Student 1825,2024,M,mid,36618,1
S2826,Student 1826,2023,F,high,78808,0
S2827,Student 1827,2023,M,high,59018,0
S2828,Student 1828,2022,M,high,96758,0
S2829,Student 1829,2024,F,high,83343,0
S2830,Student 1830,2024,M,low,14537,0
S2831,Student 1831,2024,M,mid,125788,0
S2832,Student 1832,2022,F,high,31857,1
S2833,Student 1833,2023,F,mid,34792,0
S2834,Student 1834,2023,F,mid,38081,0
S2835,Student 1835,2024,M,mid,29467,0
S2836,Student 1836,2023,F,low,62914,1
S2837,Student 1837,2023,M,mid,139207,0
S2838,Student 1838,2024,M,mid,91141,0
S2839,Student 1839,2024,M,mid,52747,0
S2840,Student 1840,2024,M,low,31706,1
S2841,Student 1841,2022,M,mid,79070,0
S2842,Student 1842,2023,M,mid,50713,1
S2843,Student 1843,2023,M,mid,62709,0
S2844,Student 1844,2024,F,mid,83661,0
S2845,Student 1845,2023,M,low,104486,0
S2846,Student 1846,2024,F,mid,41465,0
S2847,Student 1847,2024,M,high,130560,1
S2848,Student 1848,2023,M,high,116298,0
S2849,Student 1849,2024,M,mid,47548,0
S2850,Student 1850,2023,M,mid,45378,0
S2851,Student 1851,2024,M,mid,57820,0
S2852,Student 1852,2023,F,mid,87031,0
S2853,Student 1853,2022,M,mid,69961,1
S2854,Student 1854,2023,M,low,73532,0
S2855,Student 1855,2023,M,mid,32265,0
S2856,Student 1856,2022,F,mid,52667,0
S2857,Student 1857,2022,F,mid,23361,1
S2858,Student 1858,2023,M,low,46278,0
S2859,Student 1859,2023,M,mid,27958,0
S2860,Student 1860,2022,F,mid,40613,0
S2861,Student 1861,2022,F,mid,90736,0
S2862,Student 1862,2023,F,mid,41083,0
S2863,Student 1863,2022,F,mid,88741,0
S2864,Student 1864,2024,M,low,54322,0
S2865,Student 1865,2023,F,high,63952,0
S2866,Student 1866,2024,F,high,48396,0
S2867,Student 1867,2022,F,mid,124908,0
S2868,Student 1868,2023,F,high,83978,0
S2869,Student 1869,2023,F,high,64886,1
S2870,Student 1870,2024,F,mid,39242,1
S2871,Student 1871,2023,F,mid,143819,0
S2872,Student 1872,2024,F,high,105060,0
S2873,Student 1873,2022,M,high,37687,0
S2874,Student 1874,2024,M,mid,93223,0
S2875,Student 1875,2023,M,mid,107998,0
S2876,Student 1876,2024,M,low,80279,0
S2877,Student 1877,2024,M,low,45930,0
S2878,Student 1878,2024,F,mid,23767,0
S2879,Student 1879,2024,F,low,86696,0
S2880,Student 1880,2024,F,mid,75178,0
S2881,Student 1881,2024,F,mid,91042,0
S2882,Student 1882,2023,M,mid,33029,0
S2883,Student 1883,2023,M,high,115655,0
S2884,Student 1884,2023,F,mid,67023,0
S2885,Student 1885,2024,F,mid,53392,0
S2886,Student 1886,2024,F,mid,43823,0
S2887,Student 1887,2023,M,mid,44962,0
S2888,Student 1888,2022,F,low,26654,1
S2889,Student 1889,2022,F,mid,56623,0
S2890,Student 1890,2022,F,low,32491,0
S2891,Student 1891,2023,M,high,64912,0
S2892,Student 1892,2022,F,low,79129,1
S2893,Student 1893,2023,M,low,29323,0
S2894,Student 1894,2023,M,mid,58685,0
S2895,Student 1895,2022,M,mid,91362,0
S2896,Student 1896,2023,F,mid,118931,0
S2897,Student 1897,2023,M,mid,62304,0
S2898,Student 1898,2022,F,high,52827,0
S2899,Student 1899,2024,F,mid,36597,0
S2900,Student 1900,2023,M,mid,211612,0
S2901,Student 1901,2023,F,mid,68621,0
S2902,Student 1902,2023,M,high,28452,0
S2903,Student 1903,2022,M,mid,89962,0
S2904,Student 1904,2023,M,mid,56598,0
S2905,Student 1905,2022,F,low,29358,0
S2906,Student 1906,2022,M,low,106324,0
S2907,Student 1907,2024,F,mid,85729,0
S2908,Student 1908,2024,F,low,104541,0
S2909,Student 1909,2023,M,low,47374,0
S2910,Student 1910,2022,F,low,81898,0
S2911,Student 1911,2022,M,mid,79736,0
S2912,Student 1912,2022,M,high,122395,0
S2913,Student 1913,2024,M,mid,18050,0
S2914,Student 1914,2023,M,mid,64496,1
S2915,Student 1915,2023,F,high,25492,0
S2916,Student 1916,2022,F,mid,38621,0
S2917,Student 1917,2022,M,mid,133771,1
S2918,Student 1918,2022,M,low,45536,0
S2919,Student 1919,2022,M,mid,43682,0
S2920,Student 1920,2022,F,high,235845,0
S2921,Student 1921,2024,M,mid,90488,0
S2922,Student 1922,2023,M,high,39649,0
S2923,Student 1923,2022,M,mid,73243,0
S2924,Student 1924,2024,M,mid,18873,1
S2925,Student 1925,2022,M,mid,22249,0
S2926,Student 1926,2024,F,low,61545,0
S2927,Student 1927,2023,M,low,38292,0
S2928,Student 1928,2022,F,low,69576,0
S2929,Student 1929,2023,F,low,25245,0
S2930,Student 1930,2022,M,low,70368,0
S2931,Student 1931,2024,M,mid,113418,0
S2932,Student 1932,2024,F,low,25818,0
S2933,Student 1933,2023,M,high,127833,0
S2934,Student 1934,2024,M,mid,35988,0
S2935,Student 1935,2024,F,high,103722,0
S2936,Student 1936,2023,M,low,37907,0
S2937,Student 1937,2023,M,mid,39847,1
S2938,Student 1938,2024,M,mid,66324,1
S2939,Student 1939,2024,F,high,56091,0
S2940,Student 1940,2023,F,mid,15126,0
S2941,Student 1941,2022,F,mid,24417,0
S2942,Student 1942,2024,M,mid,31569,0
S2943,Student 1943,2024,F,high,99294,0
S2944,Student 1944,2022,M,low,35934,1
S2945,Student 1945,2024,M,mid,77887,0
S2946,Student 1946,2023,M,mid,59575,1
S2947,Student 1947,2023,F,mid,68314,0
S2948,Student 1948,2023,F,low,46066,0
S2949,Student 1949,2022,F,mid,89652,0
S2950,Student 1950,2023,F,mid,49722,0
S2951,Student 1951,2022,F,mid,141662,0
S2952,Student 1952,2022,F,mid,108037,0
S2953,Student 1953,2022,M,low,120846,0
S2954,Student 1954,2022,M,mid,96396,0
S2955,Student 1955,2024,M,high,49815,0
S2956,Student 1956,2022,M,high,88977,0
S2957,Student 1957,2024,F,high,72822,0
S2958,Student 1958,2023,F,mid,80813,0
S2959,Student 1959,2023,M,high,48157,0
S2960,Student 1960,2024,F,low,74914,0
S2961,Student 1961,2024,M,mid,117726,1
S2962,Student 1962,2022,F,mid,43410,1
S2963,Student 1963,2022,M,mid,81245,1
S2964,Student 1964,2022,M,low,38215,1
S2965,Student 1965,2023,M,mid,163813,0
S2966,Student 1966,2023,M,low,240237,0
S2967,Student 1967,2023,F,low,35765,0
S2968,Student 1968,2024,M,high,72436,0
S2969,Student 1969,2023,F,mid,143201,0
S2970,Student 1970,2022,M,mid,36158,0
S2971,Student 1971,2023,F,mid,55038,0
S2972,Student 1972,2024,F,mid,72541,0
S2973,Student 1973,2024,M,high,36173,0
S2974,Student 1974,2022,M,high,119407,0
S2975,Student 1975,2022,M,low,119614,0
S2976,Student 1976,2022,M,mid,79067,0
S2977,Student 1977,2023,M,mid,130441,0
S2978,Student 1978,2022,M,low,58785,0
S2979,Student 1979,2022,F,mid,105321,1
S2980,Student 1980,2024,M,mid,26335,1
S2981,Student 1981,2024,F,low,105116,1
S2982,Student 1982,2022,F,mid,33523,1
S2983,Student 1983,2023,F,mid,47142,0
S2984,Student 1984,2024,M,mid,32017,0
S2985,Student 1985,2024,M,high,62941,0
S2986,Student 1986,2024,M,high,144417,0
S2987,Student 1987,2024,M,mid,101842,0
S2988,Student 1988,2023,M,low,138245,0
S2989,Student 1989,2022,F,low,72943,0
S2990,Student 1990,2022,M,low,97045,0
S2991,Student 1991,2022,F,low,45563,0
S2992,Student 1992,2023,F,mid,31945,0
S2993,Student 1993,2022,F,high,37276,0
S2994,Student 1994,2024,M,mid,68379,0
S2995,Student 1995,2024,M,low,68487,0
S2996,Student 1996,2023,F,high,43432,0
S2997,Student 1997,2024,F,mid,66623,0
S2998,Student 1998,2023,F,high,18652,0
S2999,Student 1999,2024,M,low,108310,0
